begin work;
set constraints all deferred;

CREATE TABLE "autor" (
	"idautor" smallint NOT NULL,
	"autor" character varying(32) NOT NULL,
	Constraint "autor_pkey" Primary Key ("idautor")
);


CREATE TABLE "carrera" (
	"idcarrera" smallint NOT NULL,
	"carrera" character varying(32) NOT NULL,
	Constraint "carrera_pkey" Primary Key ("idcarrera")
);


CREATE TABLE "categoria" (
	"idcategoria" smallint NOT NULL,
	"categoria" character varying(32) NOT NULL,
	Constraint "categoria_pkey" Primary Key ("idcategoria")
);


CREATE TABLE "editorial" (
	"editorial" character varying(30) NOT NULL,
	"direccion" character varying(40) NOT NULL,
	"telefono" character varying(32) NOT NULL,
	Constraint "editorial_pkey" Primary Key ("editorial")
);



CREATE TABLE "libro" (
	"isbn" character(10) NOT NULL,
	"titulo" character varying(80) NOT NULL,
	"fpublicacion" date NOT NULL,
	"paginas" smallint NOT NULL,
	"editorial" character varying(32) NOT NULL,
	Constraint "libro_pkey" Primary Key ("isbn"),
	foreign key (editorial) references editorial deferrable
);

CREATE TABLE "categorialibro" (
	"isbn" character(10) NOT NULL,
	"idcategoria" smallint NOT NULL,
	Constraint "categorialibro_pkey" Primary Key ("isbn", "idcategoria"),
	foreign key (idcategoria) references categoria deferrable,
	foreign key (isbn) references libro deferrable
);

CREATE TABLE "departamento" (
	"iddepartamento" smallint NOT NULL,
	"departamento" character varying(32) NOT NULL,
	Constraint "departamento_pkey" Primary Key ("iddepartamento")
);

CREATE TABLE "proyecto" (
	"idproyecto" smallint NOT NULL,
	"proyecto" character varying(32) NOT NULL,
	"iddepartamento" smallint NOT NULL,
	Constraint "proyecto_pkey" Primary Key ("idproyecto"),
	foreign key (iddepartamento) references departamento
);

CREATE TABLE "localidad" (
	"idlocalidad" smallint NOT NULL,
	"localidad" character varying(32) NOT NULL,
	Constraint "localidad_pkey" Primary Key ("idlocalidad")
);

CREATE TABLE "usuario" (
	"dni" integer NOT NULL,
	"nombre" character varying(40) NOT NULL,
	"direccion" character varying(40) NOT NULL,
	"sexo" character(1) NOT NULL,
	"telefono" character varying(32) NOT NULL,
	"idlocalidad" smallint NOT NULL,
	Constraint "usuario_pkey" Primary Key ("dni"),
	foreign key (idLocalidad) references localidad deferrable
);


CREATE TABLE "alumno" (
	"dni" integer NOT NULL,
	"legajo" smallint NOT NULL,
	"fingreso" date NOT NULL,
	Constraint "alumno_pkey" Primary Key ("dni"),
	foreign key (dni) references usuario
);

CREATE TABLE "docente" (
	"dni" integer NOT NULL,
	"legajo" character(5) NOT NULL,
	"fingreso" date NOT NULL,
	Constraint "docente_pkey" Primary Key ("dni"),
	foreign key (dni) references usuario deferrable
);

CREATE TABLE "investigador" (
	"dni" integer NOT NULL,
	"categoria" smallint NOT NULL,
	Constraint "investigador_pkey" Primary Key ("dni"),
	foreign key (dni) references usuario deferrable
);

CREATE TABLE "materia" (
	"idmateria" smallint NOT NULL,
	"materia" character varying(30) NOT NULL,
	Constraint "materia_pkey" Primary Key ("idmateria")
);

CREATE TABLE "dicta" (
	"dni" integer NOT NULL,
	"idmateria" smallint NOT NULL,
	"idcarrera" smallint NOT NULL,
	Constraint "dicta_pkey" Primary Key ("dni", "idmateria", "idcarrera"),
	foreign key (dni) references docente deferrable,
	foreign key (idmateria) references materia deferrable,
	foreign key (idcarrera) references carrera deferrable
);

CREATE TABLE "ejemplar" (
	"idinventario" smallint NOT NULL,
	"fechaalta" date NOT NULL,
	"codUbicacion" character(6) NOT NULL,
	"isbn" character(10) NOT NULL,
	Constraint "ejemplar_pkey" Primary Key ("idinventario"),
	foreign key (isbn) references libro deferrable
);

CREATE TABLE "escritopor" (
	"isbn" character(10) NOT NULL,
	"idautor" smallint NOT NULL,
	Constraint "escritoPor_pkey" Primary Key ("isbn", "idautor"),
	foreign key (isbn) references libro deferrable,
	foreign key (idautor) references autor deferrable
);

CREATE TABLE "participa" (
	"dni" integer NOT NULL,
	"idproyecto" smallint NOT NULL,
	Constraint "participa_pkey" Primary Key ("dni", "idproyecto"),
	foreign key (dni) references investigador deferrable
);

CREATE TABLE "pedidoinsatisfecho" (
	"isbn" character(10) NOT NULL,
	"fecha" date NOT NULL,
	"cantidad" smallint NOT NULL,
	Constraint "pedidoInsatisfecho_pkey" Primary Key ("isbn", "fecha"),
	foreign key (isbn) references libro deferrable
);

CREATE TABLE "prestamo" (
	"fechaprestamo" date NOT NULL,
	"idinventario" smallint NOT NULL,
	"fechalimite" date NOT NULL,
	"fechadevolucion" date,
	"dni" integer NOT NULL,
	Constraint "prestamo_pkey" Primary Key ("fechaprestamo", "idinventario"),
	Constraint "pestamo_usuario_fk" foreign key (dni) references usuario deferrable,
	Constraint "prestamo_ejemplar_fk" foreign key (idinventario) references ejemplar deferrable
);


CREATE TABLE "cursa" (
	"dni" integer NOT NULL,
	"idmateria" smallint NOT NULL,
	Constraint "cursa_pkey" Primary Key ("dni", "idmateria"),
	foreign key(dni) references alumno deferrable,
	foreign key(idmateria) references materia deferrable
);

INSERT INTO autor VALUES('1749', 'ABRAHAM TOMAS');
INSERT INTO autor VALUES('1668', 'ADOBE');
INSERT INTO autor VALUES('1254', 'AGUINIS MARCOS');
INSERT INTO autor VALUES('1605', 'ALLENDE ISABEL');
INSERT INTO autor VALUES('1236', 'BECKWITH HARRY');
INSERT INTO autor VALUES('1362', 'BLANCHARD OLIVIER');
INSERT INTO autor VALUES('1245', 'BLEICHMAR SILVIA');
INSERT INTO autor VALUES('1659', 'BORELLO ANTONIO');
INSERT INTO autor VALUES('1569', 'BRANDARIZ GUSTAVO');
INSERT INTO autor VALUES('1533', 'BREALEY RICHARD A.');
INSERT INTO autor VALUES('1713', 'BUCAY JORGE');
INSERT INTO autor VALUES('1785', 'CAMARASA JORGE');
INSERT INTO autor VALUES('1443', 'CARRATALA JUAN MARTIN');
INSERT INTO autor VALUES('1560', 'CHOMSKY NOAM');
INSERT INTO autor VALUES('1839', 'CHOPRA DEEPAK');
INSERT INTO autor VALUES('1497', 'COELHO PAULO');
INSERT INTO autor VALUES('1281', 'COLLINGS JULIE');
INSERT INTO autor VALUES('1515', 'CORTAZAR JULIO');
INSERT INTO autor VALUES('1641', 'COVEY STEPHEN R.');
INSERT INTO autor VALUES('1812', 'CRAIG MICHAEL');
INSERT INTO autor VALUES('1353', 'DE IRISARRI ANGELES');
INSERT INTO autor VALUES('1623', 'DEITEL H. M.');
INSERT INTO autor VALUES('1452', 'DE MIGUEL MARIA ESTHER');
INSERT INTO autor VALUES('1695', 'DISCIPULOS DE LA VERDAD');
INSERT INTO autor VALUES('1875', 'DISNEY');
INSERT INTO autor VALUES('1398', 'DORNBUSCH RUDIGER');
INSERT INTO autor VALUES('1488', 'ECO UMBERTO');
INSERT INTO autor VALUES('1308', 'ESQUIVEL LAURA');
INSERT INTO autor VALUES('1479', 'FORSYTH FREDERICK');
INSERT INTO autor VALUES('1767', 'FRAILE JAVIER');
INSERT INTO autor VALUES('1506', 'GOLDBERGER RICARDO D.');
INSERT INTO autor VALUES('1614', 'GRAY JOHN');
INSERT INTO autor VALUES('1371', 'GRONDONA MARIANO');
INSERT INTO autor VALUES('1857', 'HARDT MICHAEL');
INSERT INTO autor VALUES('1578', 'HOBSBAWM ERIC');
INSERT INTO autor VALUES('1722', 'HOUELLEBECQ MICHEL');
INSERT INTO autor VALUES('1434', 'HOWE RUSSELL WARREN');
INSERT INTO autor VALUES('1551', 'HUI WEI');
INSERT INTO autor VALUES('1830', 'HUNTER JAMES C.');
INSERT INTO autor VALUES('1803', 'HUXLEY ALDOUS');
INSERT INTO autor VALUES('1299', 'JOHNSON SPENCER');
INSERT INTO autor VALUES('1416', 'KAPLAN ROBERT S.');
INSERT INTO autor VALUES('1470', 'KING STEPHEN');
INSERT INTO autor VALUES('1290', 'KLEIN NAOMI');
INSERT INTO autor VALUES('1740', 'KOTLER PHILIP');
INSERT INTO autor VALUES('1821', 'KOVADLOFF SANTIAGO');
INSERT INTO autor VALUES('1326', 'KRIEGER MARIO');
INSERT INTO autor VALUES('1632', 'LAUDON KENNETH C.');
INSERT INTO autor VALUES('1407', 'LUNDIN STEPHEN C.');
INSERT INTO autor VALUES('1389', 'MOCHON BEKER');
INSERT INTO autor VALUES('1524', 'MOLINA MARTINIANO');
INSERT INTO autor VALUES('1884', 'MORALES SOLA JOAQUIN');
INSERT INTO autor VALUES('1542', 'O  DONNELL PACHO');
INSERT INTO autor VALUES('1938', 'ORWELL GEORGE');
INSERT INTO autor VALUES('1272', 'OZ EFFY');
INSERT INTO autor VALUES('1704', 'PLAGER SILVIA');
INSERT INTO autor VALUES('1929', 'PRESSMAN ROGER S.');
INSERT INTO autor VALUES('1317', 'PUZO MARIO');
INSERT INTO autor VALUES('1425', 'REAL ACADEMIA ESPAÑOLA');
INSERT INTO autor VALUES('1380', 'ROJAS ENRIQUE');
INSERT INTO autor VALUES('1920', 'ROWLING J. K.');
INSERT INTO autor VALUES('1731', 'RUDY');
INSERT INTO autor VALUES('1335', 'SANCHEZ GRANEL CARLOS MARIA');
INSERT INTO autor VALUES('1866', 'SAPAG CHAIN NASSIR');
INSERT INTO autor VALUES('1686', 'SERRANO MARCELA');
INSERT INTO autor VALUES('1461', 'SILBERSCHATZ GALVIN');
INSERT INTO autor VALUES('1263', 'SOLARI PARRAVICINI BENJAMIN');
INSERT INTO autor VALUES('1758', 'SOMMERVILLE IAN');
INSERT INTO autor VALUES('1677', 'STALLINGS WILLIAM');
INSERT INTO autor VALUES('1650', 'STEEL DANIELLE');
INSERT INTO autor VALUES('1893', 'THE ARBINGER INSTITUTE');
INSERT INTO autor VALUES('1794', 'TOLKIEN J.R.R.');
INSERT INTO autor VALUES('1776', 'TOLKIEN J. R. R.');
INSERT INTO autor VALUES('1902', 'TORTAJADA ANA');
INSERT INTO autor VALUES('1596', 'VALLEJO FERNANDO');
INSERT INTO autor VALUES('1848', 'VERBITSKY HORACIO');
INSERT INTO autor VALUES('1911', 'WEISS BRIAN');
INSERT INTO autor VALUES('1344', 'WILCOX DENNIS L.');
INSERT INTO autor VALUES('1587', 'YALOM IRVIN');

INSERT INTO carrera VALUES('1', 'Abogacia');
INSERT INTO carrera VALUES('2', 'Ingeniería');
INSERT INTO carrera VALUES('3', 'Geologia');
INSERT INTO carrera VALUES('4', 'Medicina');
INSERT INTO carrera VALUES('5', 'Lic. en Historia');

INSERT INTO categoria VALUES('1', 'Empresas y Negocios');
INSERT INTO categoria VALUES('2', 'Liderazgo');
INSERT INTO categoria VALUES('3', 'Autoayuda  Superación Personal');
INSERT INTO categoria VALUES('4', 'Cuentos Infantiles  Juveniles');
INSERT INTO categoria VALUES('5', 'Diccionarios');
INSERT INTO categoria VALUES('6', 'Relaciones Internacionales');
INSERT INTO categoria VALUES('7', 'Windows XP');
INSERT INTO categoria VALUES('8', 'Cuentos Generales');
INSERT INTO categoria VALUES('9', 'Historia Contemporánea');
INSERT INTO categoria VALUES('10', 'Evaluación y Administración de P');
INSERT INTO categoria VALUES('11', 'Novelas Ciencia Ficción  Fantasí');
INSERT INTO categoria VALUES('12', 'Teoría y Filosofía Política');
INSERT INTO categoria VALUES('13', 'Novelas Generales');
INSERT INTO categoria VALUES('14', 'Desarrollo y Cambio Organizacion');
INSERT INTO categoria VALUES('15', 'C  C++  Turbo C  Visual C ++');
INSERT INTO categoria VALUES('16', 'Comunicaciones');
INSERT INTO categoria VALUES('17', 'Infantiles Didácticos y Entreten');
INSERT INTO categoria VALUES('18', 'Ilustrados Lugares');
INSERT INTO categoria VALUES('19', 'Administración Financiera  Finan');
INSERT INTO categoria VALUES('20', 'Sistemas de Información');
INSERT INTO categoria VALUES('21', 'Gestión y Marketing de Servicios');
INSERT INTO categoria VALUES('22', 'Historia Argentina');
INSERT INTO categoria VALUES('23', 'Marketing');
INSERT INTO categoria VALUES('24', 'Novelas Policiales  Suspenso  Es');
INSERT INTO categoria VALUES('25', 'Novelas Históricas  Crónicas');
INSERT INTO categoria VALUES('26', 'Microsoft Excel');
INSERT INTO categoria VALUES('27', 'Gastronomía');
INSERT INTO categoria VALUES('28', 'Generalidades');
INSERT INTO categoria VALUES('29', 'Ensayos');
INSERT INTO categoria VALUES('30', 'Ingeniería del Software  General');
INSERT INTO categoria VALUES('31', 'Matemática');
INSERT INTO categoria VALUES('32', 'Diarios  Memorias');
INSERT INTO categoria VALUES('33', 'Filosofía Moderna y Contempoánea');
INSERT INTO categoria VALUES('34', 'Relaciones Públicas');
INSERT INTO categoria VALUES('35', 'Planeación y Estrategia  Prospec');
INSERT INTO categoria VALUES('36', 'Sociología y Trabajo Social  Gen');
INSERT INTO categoria VALUES('37', 'Macroeconomía');
INSERT INTO categoria VALUES('38', 'Adobe Photoshop');
INSERT INTO categoria VALUES('39', 'Sistemas Operativos  Generalidad');
INSERT INTO categoria VALUES('40', 'Economía  Generalidades');
INSERT INTO categoria VALUES('41', 'Personalidad');
INSERT INTO categoria VALUES('42', 'Administración de Personal');
INSERT INTO categoria VALUES('43', 'Actualidad');
INSERT INTO categoria VALUES('44', 'Novelas Infantiles  Juveniles');
INSERT INTO categoria VALUES('45', 'Esoterismo  Ocultismo');
INSERT INTO categoria VALUES('46', 'Novelas Eróticas');
INSERT INTO categoria VALUES('47', 'Novelas Misterio  Terror');

INSERT INTO editorial VALUES('Sudamericana', 'direccion 1', '1111111');
INSERT INTO editorial VALUES('Ateneo', 'direccion 2', '2222222');
INSERT INTO editorial VALUES('Paidos', 'direccion 3', '3333333');
INSERT INTO editorial VALUES('McGraw-Hill', 'direccion 4', '4444444');
INSERT INTO editorial VALUES('Emece', 'direccion 5', '5555555');
INSERT INTO editorial VALUES('Planeta', 'direccion 6', '6666666');
INSERT INTO editorial VALUES('Aguilar', 'direccion 7', '7777777');
INSERT INTO editorial VALUES('Prentice-Hall', 'direccion 8', '8888888');
INSERT INTO editorial VALUES('Kapelusz', 'direccion 9', '9999999');


INSERT INTO libro VALUES('8401014743', 'EL VETERANO', '1996-04-07', '352', 'Ateneo');
INSERT INTO libro VALUES('8401014794', 'EL CAZADOR DE SUEÑOS', '2000-03-17', '626', 'Paidos');
INSERT INTO libro VALUES('8401014808', 'FUERZAS IRRESISTIBLES', '1998-08-19', '274', 'McGraw-Hill');
INSERT INTO libro VALUES('8420529869', 'COMUNICACIONES Y REDES DE COMPUTADORES', '1989-07-25', '776', 'Aguilar');
INSERT INTO libro VALUES('8420531774', 'SISTEMAS OPERATIVOS', '1991-12-06', '800', 'McGraw-Hill');
INSERT INTO libro VALUES('8423968146', 'DICCIONARIO DE LA LENGUA ESPAÑOLA  2 VOL.', '1988-02-13', '2444', 'Planeta');
INSERT INTO libro VALUES('8425335833', 'ISABEL LA REINA  EL TIEMPO DE LA SIEMBRA', '1988-04-01', '240', 'Aguilar');
INSERT INTO libro VALUES('8426413099', 'BAUDOLINO', '1997-12-22', '544', 'Prentice-Hall');
INSERT INTO libro VALUES('8431652284', 'MATEMATICA 2 EGB CICLO 1 CUAD ACTIVID', '1992-03-11', '96', 'Paidos');
INSERT INTO libro VALUES('8433966901', 'AMPLIACION DEL CAMPO DE BATALLA  COMPACTOS', '1996-12-03', '176', 'Sudamericana');
INSERT INTO libro VALUES('8439707444', 'EL GRITO SILENCIADO  DIARIO DE UN VIAJE A AFGANISTAN', '1998-02-08', '270', 'Sudamericana');
INSERT INTO libro VALUES('8445071408', 'I. EL SEÑOR DE LOS ANILLOS  LA COMUNIDAD DEL ANILLO', '1994-04-18', '560', 'Prentice-Hall');
INSERT INTO libro VALUES('8445071416', 'EL HOBBIT', '1987-06-18', '320', 'Paidos');
INSERT INTO libro VALUES('8445071769', 'II. EL SEÑOR DE LOS ANILLOS  LAS DOS TORRES', '1993-07-04', '464', 'Emece');
INSERT INTO libro VALUES('8445071777', 'III. EL SEÑOR DE LOS ANILLOS  EL RETORNO DEL REY', '1997-07-31', '416', 'Ateneo');
INSERT INTO libro VALUES('8448108140', 'ECONOMIA PRINCIPIOS Y APLICAC', '1996-07-12', '744', 'Aguilar');
INSERT INTO libro VALUES('8448120558', 'MACROECONOMIA', '1995-05-07', '400', 'Paidos');
INSERT INTO libro VALUES('8448132149', 'INGENIERIA DEL SOFTWARE  UN ENFOQUE PRACTICO', '1992-01-23', '640', 'Aguilar');
INSERT INTO libro VALUES('8466300694', 'EL ALBERGUE DE LAS MUJERES TRISTES  PUNTO DE LECTURA', '1993-05-17', '416', 'Kapelusz');
INSERT INTO libro VALUES('8466303715', 'LOS MENSAJES DE LOS SABIOS  PUNTO DE LECTURA', '1993-11-25', '416', 'Aguilar');
INSERT INTO libro VALUES('8466304630', 'RAYUELA  PUNTO DE LECTURA', '1995-03-20', '720', 'Ateneo');
INSERT INTO libro VALUES('8466604782', 'A LA SOMBRA DEL PAPA ENFERMO', '1990-02-02', '418', 'McGraw-Hill');
INSERT INTO libro VALUES('8478290419', 'RELACIONES PUBLICAS ESTRATEGIAS Y TACTICAS', '1994-09-09', '648', 'Sudamericana');
INSERT INTO libro VALUES('8478886117', 'HARRY POTTER Y LA PIEDRA FILOSOFAL', '1987-12-27', '258', 'McGraw-Hill');
INSERT INTO libro VALUES('8478886184', 'HARRY POTTER Y LA CAMARA SECRETA', '1996-02-19', '294', 'McGraw-Hill');
INSERT INTO libro VALUES('8478886192', 'HARRY POTTER Y EL PRISIONERO DE AZKABAN', '1988-07-06', '354', 'Paidos');
INSERT INTO libro VALUES('8479534451', 'QUIEN SE HA LLEVADO MI QUESO ?', '1997-03-09', '93', 'Planeta');
INSERT INTO libro VALUES('8479534486', 'FISH  EFICACIA DE EQUIPO RADICA EN SU CAPACIDAD DE MOTIVACION', '1995-09-28', '128', 'Aguilar');
INSERT INTO libro VALUES('8480885041', 'EL CUADRO DE MANDO INTEGRAL', '1997-11-04', '336', 'Sudamericana');
INSERT INTO libro VALUES('8495785059', 'LA CAJA', '1989-01-14', '224', 'Sudamericana');
INSERT INTO libro VALUES('9500415496', 'EL DIA QUE NIETZSCHE LLORO  GRANDES NOVELISTAS', '1987-11-09', '384', 'Sudamericana');
INSERT INTO libro VALUES('9500422786', 'LOS BORGIA  GRANDES NOVELISTAS', '1992-09-19', '352', 'Aguilar');
INSERT INTO libro VALUES('9500422824', 'LA NUEVA IGNORANCIA', '1998-03-28', '194', 'Aguilar');
INSERT INTO libro VALUES('9500423618', 'SHANGAI BABY  GRANDES NOVELISTAS', '1990-05-09', '272', 'McGraw-Hill');
INSERT INTO libro VALUES('9500718863', 'RETRATO EN SEPIA', '1991-01-04', '354', 'Kapelusz');
INSERT INTO libro VALUES('9500719193', 'EL CAMINO DE LA AUTODEPENDENCIA  HOJAS DE RUTA', '1991-09-01', '160', 'McGraw-Hill');
INSERT INTO libro VALUES('9500720663', 'EL CAMINO DEL ENCUENTRO  HOJAS DE RUTA', '1989-06-07', '256', 'Aguilar');
INSERT INTO libro VALUES('9500721104', 'TAN VELOZ COMO EL DESEO', '1994-01-12', '224', 'Prentice-Hall');
INSERT INTO libro VALUES('9500721236', 'PENSAMIENTO RAPIDO', '1994-03-01', '464', 'Aguilar');
INSERT INTO libro VALUES('9500721732', 'EL CAMINO DE LAS LAGRIMAS  HOJAS DE RUTA', '1994-06-05', '224', 'Ateneo');
INSERT INTO libro VALUES('9500721872', 'SECRETOS DE LAS BRASAS', '1999-01-10', '128', 'Kapelusz');
INSERT INTO libro VALUES('9500722313', 'MALVINAS  LA ULTIMA BATALLA DE LA TERCERA GUERRA MUNDIAL', '1993-03-30', '288', 'Paidos');
INSERT INTO libro VALUES('9500722364', 'DIAS DE FURIA', '1990-08-13', '192', 'Ateneo');
INSERT INTO libro VALUES('9500826445', 'EL COCHERO  UN LIBRO EN VIVO', '1995-11-15', '224', 'Prentice-Hall');
INSERT INTO libro VALUES('9501290670', 'NO LOGO  EL PODER DE LAS MARCAS', '1989-03-03', '544', 'Sudamericana');
INSERT INTO libro VALUES('9501522121', 'NOSOTRAS Y LA EDAD', '1989-12-16', '288', 'Prentice-Hall');
INSERT INTO libro VALUES('9501522261', 'MATA HARI', '1988-10-10', '368', 'Kapelusz');
INSERT INTO libro VALUES('9501701492', 'EL TESTAMENTO PROFETICO', '1996-08-29', '192', 'Planeta');
INSERT INTO libro VALUES('9501702197', 'II. DIBUJOS PROFETICOS', '1987-05-01', '272', 'Aguilar');
INSERT INTO libro VALUES('9502802721', 'LA FELICIDAD NO ES TODO EN LA VIDA Y OTROS CHISTES JUDIOS', '2000-05-04', '216', 'Paidos');
INSERT INTO libro VALUES('9504908136', 'LA REALIDAD  EL DESPERTAR DEL SUEÑO ARGENTINO', '1999-07-21', '216', 'Sudamericana');
INSERT INTO libro VALUES('9504909035', 'JUAN MANUEL DE ROSAS  EL MALDITO DE NUESTRA HISTORIA OFICIAL', '1996-01-02', '312', 'Kapelusz');
INSERT INTO libro VALUES('9504909248', 'LO QUE ESTA EN MI CORAZON', '1996-10-16', '280', 'Prentice-Hall');
INSERT INTO libro VALUES('9504909272', 'EL SUEÑO ETERNO  ASCENSO Y CAIDA DE LA ALIANZA', '1997-06-13', '306', 'Aguilar');
INSERT INTO libro VALUES('9504909426', 'UN VIAJE A ESTAMBUL', '1991-05-28', '208', 'Ateneo');
INSERT INTO libro VALUES('9505470630', 'EL HOBBIT', '1993-10-08', '320', 'McGraw-Hill');
INSERT INTO libro VALUES('9505470649', 'EL SILMARILLION', '1998-07-02', '446', 'Aguilar');
INSERT INTO libro VALUES('9505470657', 'II. EL SEÑOR DE LOS ANILLOS  LAS DOS TORRES', '1989-04-20', '464', 'Kapelusz');
INSERT INTO libro VALUES('9505470665', 'III. EL SEÑOR DE LOS ANILLOS  EL RETORNO DEL REY', '1992-12-24', '416', 'Sudamericana');
INSERT INTO libro VALUES('9505470673', 'I. EL SEÑOR DE LOS ANILLOS  LA COMUNIDAD DEL ANILLO', '1989-10-29', '560', 'Ateneo');
INSERT INTO libro VALUES('9507300562', 'QUIEN ERES ?  DE LA PERSONALIDAD A LA AUTOESTIMA', '1992-04-28', '448', 'Ateneo');
INSERT INTO libro VALUES('9507320296', '1984', '1998-10-06', '322', 'McGraw-Hill');
INSERT INTO libro VALUES('9509681229', 'CARTAS PARA CLAUDIA', '1991-07-15', '204', 'McGraw-Hill');
INSERT INTO libro VALUES('9509681598', 'CUENTOS PARA PENSAR', '1988-11-27', '196', 'Emece');
INSERT INTO libro VALUES('9509681644', 'RECUENTOS PARA DEMIAN', '1997-09-17', '281', 'Paidos');
INSERT INTO libro VALUES('9509681806', 'DE LA AUTOESTIMA AL EGOISMO', '1988-05-19', '220', 'Emece');
INSERT INTO libro VALUES('9509681881', 'AMARSE CON LOS OJOS ABIERTOS', '1995-06-24', '240', 'Ateneo');
INSERT INTO libro VALUES('9580464065', 'EL PERDON', '1993-02-10', '186', 'Prentice-Hall');
INSERT INTO libro VALUES('9580465088', 'PETER PAN  EL REGRESO AL PAIS DE NUNCA JAMAS  GRAN COLECCION', '1999-02-27', '64', 'Kapelusz');
INSERT INTO libro VALUES('9584100939', 'EL PLAN DE NEGOCIOS', '1990-11-17', '220', 'Sudamericana');
INSERT INTO libro VALUES('9684443102', 'SISTEMAS OPERATIVOS', '1994-12-14', '912', 'Sudamericana');
INSERT INTO libro VALUES('9684444222', 'DIRECCION DE MARKETING  LA EDICION DEL MILENIO', '1994-10-27', '792', 'Sudamericana');
INSERT INTO libro VALUES('9684444877', 'SISTEMAS DE INFORMACION GERENCIAL', '1999-10-25', '688', 'Aguilar');
INSERT INTO libro VALUES('9688804711', 'COMO PROGRAMAR EN C/C++', '1991-02-21', '976', 'Sudamericana');
INSERT INTO libro VALUES('9701701283', 'VENDA LO INVISIBLE', '1987-08-05', '192', 'Sudamericana');
INSERT INTO libro VALUES('9702601916', 'LOS 50 MEJORES Y PEORES NEGOCIOS DE TODA LA HISTORIA.', '1998-11-23', '208', 'Sudamericana');
INSERT INTO libro VALUES('9702602033', 'ADOBE PHOTOSHOP 6.0  CURSO COMPLETO', '1997-04-26', '500', 'Paidos');
INSERT INTO libro VALUES('9702602068', 'INGENIERIA DEL SOFTWARE', '1992-11-06', '712', 'Paidos');
INSERT INTO libro VALUES('9706513612', 'LOS HOMBRES SON DE MARTE LAS MUJERES SON DE VENUS', '1991-04-10', '328', 'Paidos');
INSERT INTO libro VALUES('9706860436', 'ADMINISTRACION DE SISTEMAS DE INFORMACION', '1996-05-25', '712', 'Sudamericana');
INSERT INTO libro VALUES('9871046014', 'COSTOS Y GESTION CON MICROSOFT EXCEL', '1999-06-03', '256', 'Kapelusz');
INSERT INTO libro VALUES('9871078064', 'CREATURAS  COMO HACER UN MUNDO DE FANTASIA', '1998-05-15', '92', 'Aguilar');
INSERT INTO libro VALUES('9871081006', 'EL TERROR COMO POLITICA EXTERIOR DE ESTADOS UNIDOS', '1992-06-15', '128', 'Paidos');
INSERT INTO libro VALUES('9871081014', 'DOLOR PAIS', '1990-09-30', '96', 'Prentice-Hall');
INSERT INTO libro VALUES('9879317092', 'HISTORIA DEL SIGLO XX', '1993-08-21', '616', 'Sudamericana');
INSERT INTO libro VALUES('9879460197', 'EVALUACION DE PROYECTOS DE INVERSION EN LA EMPRESA', '1995-08-11', '416', 'Emece');
INSERT INTO libro VALUES('9879460561', 'MICROSOFT WINDOWS XP', '1995-01-31', '456', 'Kapelusz');
INSERT INTO libro VALUES('9879460650', 'SOCIOLOGIA DE LAS ORGANIZACIONES', '1990-06-26', '594', 'Paidos');
INSERT INTO libro VALUES('9879471156', 'ARGENTINA', '1987-09-22', '130', 'McGraw-Hill');
INSERT INTO libro VALUES('9879789245', 'MACROECONOMIA TEORIA Y POLITICA ECONOM CON APLICAC AMERICA LATINA', '1992-08-02', '752', 'Emece');
INSERT INTO libro VALUES('840142321X', 'UN MUNDO FELIZ  AVE FENIX', '1999-12-12', '255', 'Aguilar');
INSERT INTO libro VALUES('844812023X', 'PRINCIPIOS DE FINANZAS CORPORATIVAS', '1991-10-19', '836', 'Planeta');
INSERT INTO libro VALUES('846630164X', 'LA VIRGEN DE LOS SICARIOS  PUNTO DE LECTURA', '1999-09-07', '176', 'McGraw-Hill');
INSERT INTO libro VALUES('847888663X', 'HARRY POTTER Y EL CALIZ DE FUEGO', '1999-04-16', '642', 'Planeta');
INSERT INTO libro VALUES('847953365X', 'LA PARADOJA', '1990-03-22', '173', 'Ateneo');
INSERT INTO libro VALUES('950125495X', 'IMPERIO', '1988-08-23', '432', 'Planeta');
INSERT INTO libro VALUES('950129000X', 'LOS 7 HABITOS DE LA GENTE ALTAMENTE EFECTIVA  PLURAL', '2000-01-29', '384', 'Ateneo');
INSERT INTO libro VALUES('950490775X', 'EL ATROZ ENCANTO DE SER ARGENTINOS', '1994-07-23', '256', 'Sudamericana');
INSERT INTO libro VALUES('950511754X', 'EL PALACIO DE LOS PATOS', '1989-09-11', '416', 'McGraw-Hill');
INSERT INTO libro VALUES('950742895X', 'EL ALQUIMISTA', '1997-01-20', '240', 'Aguilar');

INSERT INTO categorialibro VALUES('950125495X', '12');
INSERT INTO categorialibro VALUES('9500721732', '3');
INSERT INTO categorialibro VALUES('9500720663', '3');
INSERT INTO categorialibro VALUES('9500422786', '25');
INSERT INTO categorialibro VALUES('8445071408', '11');
INSERT INTO categorialibro VALUES('9500719193', '3');
INSERT INTO categorialibro VALUES('8478886184', '44');
INSERT INTO categorialibro VALUES('8479534451', '14');
INSERT INTO categorialibro VALUES('844812023X', '19');
INSERT INTO categorialibro VALUES('9509681881', '13');
INSERT INTO categorialibro VALUES('8478886117', '44');
INSERT INTO categorialibro VALUES('8478886192', '44');
INSERT INTO categorialibro VALUES('9505470657', '11');
INSERT INTO categorialibro VALUES('847888663X', '44');
INSERT INTO categorialibro VALUES('847953365X', '2');
INSERT INTO categorialibro VALUES('950490775X', '29');
INSERT INTO categorialibro VALUES('9701701283', '21');
INSERT INTO categorialibro VALUES('9871081006', '6');
INSERT INTO categorialibro VALUES('8479534486', '42');
INSERT INTO categorialibro VALUES('9501290670', '23');
INSERT INTO categorialibro VALUES('9500423618', '46');
INSERT INTO categorialibro VALUES('9684444222', '23');
INSERT INTO categorialibro VALUES('8426413099', '25');
INSERT INTO categorialibro VALUES('9500722364', '43');
INSERT INTO categorialibro VALUES('8445071777', '11');
INSERT INTO categorialibro VALUES('9500722313', '29');
INSERT INTO categorialibro VALUES('9509681598', '8');
INSERT INTO categorialibro VALUES('9504909272', '43');
INSERT INTO categorialibro VALUES('9871081014', '43');
INSERT INTO categorialibro VALUES('9509681644', '8');
INSERT INTO categorialibro VALUES('8445071769', '11');
INSERT INTO categorialibro VALUES('9505470630', '11');
INSERT INTO categorialibro VALUES('950129000X', '3');
INSERT INTO categorialibro VALUES('9509681806', '3');
INSERT INTO categorialibro VALUES('9504909248', '13');
INSERT INTO categorialibro VALUES('9505470665', '11');
INSERT INTO categorialibro VALUES('950511754X', '25');
INSERT INTO categorialibro VALUES('9505470673', '11');
INSERT INTO categorialibro VALUES('8401014808', '13');
INSERT INTO categorialibro VALUES('9509681229', '3');
INSERT INTO categorialibro VALUES('9871046014', '26');
INSERT INTO categorialibro VALUES('8466303715', '3');
INSERT INTO categorialibro VALUES('9501702197', '45');
INSERT INTO categorialibro VALUES('9501522121', '3');
INSERT INTO categorialibro VALUES('9502802721', '28');
INSERT INTO categorialibro VALUES('8401014794', '47');
INSERT INTO categorialibro VALUES('9879789245', '37');
INSERT INTO categorialibro VALUES('9504909035', '22');
INSERT INTO categorialibro VALUES('9507300562', '41');
INSERT INTO categorialibro VALUES('9504909426', '13');
INSERT INTO categorialibro VALUES('8466304630', '13');
INSERT INTO categorialibro VALUES('950742895X', '13');
INSERT INTO categorialibro VALUES('9580465088', '4');
INSERT INTO categorialibro VALUES('9702601916', '1');
INSERT INTO categorialibro VALUES('8495785059', '2');
INSERT INTO categorialibro VALUES('9684444877', '20');
INSERT INTO categorialibro VALUES('9500826445', '29');
INSERT INTO categorialibro VALUES('9501701492', '45');
INSERT INTO categorialibro VALUES('9879460561', '7');
INSERT INTO categorialibro VALUES('8448108140', '40');
INSERT INTO categorialibro VALUES('8423968146', '5');
INSERT INTO categorialibro VALUES('8448132149', '30');
INSERT INTO categorialibro VALUES('9505470649', '11');
INSERT INTO categorialibro VALUES('9580464065', '3');
INSERT INTO categorialibro VALUES('8439707444', '32');
INSERT INTO categorialibro VALUES('8420531774', '39');
INSERT INTO categorialibro VALUES('9706860436', '20');
INSERT INTO categorialibro VALUES('9500721872', '27');
INSERT INTO categorialibro VALUES('9706513612', '3');
INSERT INTO categorialibro VALUES('9879460650', '36');
INSERT INTO categorialibro VALUES('9688804711', '15');
INSERT INTO categorialibro VALUES('9879460197', '10');
INSERT INTO categorialibro VALUES('8478290419', '34');
INSERT INTO categorialibro VALUES('9500415496', '13');
INSERT INTO categorialibro VALUES('9500422824', '8');
INSERT INTO categorialibro VALUES('9584100939', '35');
INSERT INTO categorialibro VALUES('9500721236', '33');
INSERT INTO categorialibro VALUES('8425335833', '25');
INSERT INTO categorialibro VALUES('9879471156', '18');
INSERT INTO categorialibro VALUES('9702602033', '38');
INSERT INTO categorialibro VALUES('9879317092', '9');
INSERT INTO categorialibro VALUES('8433966901', '13');
INSERT INTO categorialibro VALUES('9500721104', '13');
INSERT INTO categorialibro VALUES('9504908136', '43');
INSERT INTO categorialibro VALUES('8420529869', '16');
INSERT INTO categorialibro VALUES('8466300694', '13');
INSERT INTO categorialibro VALUES('9500718863', '25');
INSERT INTO categorialibro VALUES('846630164X', '24');
INSERT INTO categorialibro VALUES('8401014743', '8');
INSERT INTO categorialibro VALUES('9501522261', '8');
INSERT INTO categorialibro VALUES('9871078064', '17');
INSERT INTO categorialibro VALUES('9684443102', '39');
INSERT INTO categorialibro VALUES('8448120558', '37');
INSERT INTO categorialibro VALUES('8431652284', '31');
INSERT INTO categorialibro VALUES('9507320296', '13');
INSERT INTO categorialibro VALUES('840142321X', '11');
INSERT INTO categorialibro VALUES('8445071416', '11');
INSERT INTO categorialibro VALUES('8466604782', '29');
INSERT INTO categorialibro VALUES('9702602068', '30');
INSERT INTO categorialibro VALUES('8480885041', '35');

INSERT INTO departamento VALUES('1', 'Ciencias sociales');
INSERT INTO departamento VALUES('2', 'Ciencias naturales');
INSERT INTO departamento VALUES('3', 'Ciencias exactas');

INSERT INTO materia VALUES('1', 'Análisis Matemático I');
INSERT INTO materia VALUES('2', 'Álgebra');
INSERT INTO materia VALUES('3', 'Historia Medieval');
INSERT INTO materia VALUES('4', 'Derecho Romano');
INSERT INTO materia VALUES('5', 'Estructuras');
INSERT INTO materia VALUES('6', 'Análisis Matemático II');
INSERT INTO materia VALUES('7', 'Álgebra II');
INSERT INTO materia VALUES('8', 'Derecho Laboral');
INSERT INTO materia VALUES('9', 'Anatomía');
INSERT INTO materia VALUES('10', 'Fisiología');
INSERT INTO materia VALUES('11', 'Farmacología');
INSERT INTO materia VALUES('12', 'Química');
INSERT INTO materia VALUES('13', 'Física');
INSERT INTO materia VALUES('14', 'Biología Molecular');
INSERT INTO materia VALUES('15', 'Historia Argentina');
INSERT INTO materia VALUES('16', 'Derecho Penal');
INSERT INTO materia VALUES('17', 'Derecho Familiar');
INSERT INTO materia VALUES('18', 'Materiales');
INSERT INTO materia VALUES('19', 'Representación');
INSERT INTO materia VALUES('20', 'Grecia Antigua');
INSERT INTO materia VALUES('21', 'Vulcanología');

INSERT INTO ejemplar VALUES('1001', '1987-07-13', 'HH1617', '8445071416');
INSERT INTO ejemplar VALUES('1002', '1987-09-25', 'DJ5757', '9879471156');
INSERT INTO ejemplar VALUES('1003', '1987-11-05', 'GB1267', '9879471156');
INSERT INTO ejemplar VALUES('1004', '1988-01-20', 'RM2603', '9879471156');
INSERT INTO ejemplar VALUES('1005', '1988-02-18', 'IT1697', '9701701283');
INSERT INTO ejemplar VALUES('1006', '1988-04-03', 'HL2731', '8425335833');
INSERT INTO ejemplar VALUES('1007', '1988-04-09', 'TH5725', '9501702197');
INSERT INTO ejemplar VALUES('1008', '1988-06-06', 'SQ5960', '8423968146');
INSERT INTO ejemplar VALUES('1009', '1988-11-07', 'OH1961', '9509681806');
INSERT INTO ejemplar VALUES('1010', '1988-11-11', 'TE3803', '8478886117');
INSERT INTO ejemplar VALUES('1011', '1988-12-06', 'AD1264', '8425335833');
INSERT INTO ejemplar VALUES('1012', '1989-02-14', 'LL2228', '950125495X');
INSERT INTO ejemplar VALUES('1013', '1989-02-18', 'KS4110', '9501522261');
INSERT INTO ejemplar VALUES('1014', '1989-03-06', 'KC4822', '9501522261');
INSERT INTO ejemplar VALUES('1015', '1989-03-16', 'CO1435', '9500415496');
INSERT INTO ejemplar VALUES('1016', '1989-03-26', 'AF5791', '9509681806');
INSERT INTO ejemplar VALUES('1017', '1989-05-12', 'TK1965', '8478886117');
INSERT INTO ejemplar VALUES('1018', '1989-06-24', 'LM5254', '9500720663');
INSERT INTO ejemplar VALUES('1019', '1989-07-20', 'JQ3636', '8425335833');
INSERT INTO ejemplar VALUES('1020', '1989-08-03', 'ML5380', '8478886192');
INSERT INTO ejemplar VALUES('1021', '1989-10-08', 'OK1073', '8495785059');
INSERT INTO ejemplar VALUES('1022', '1989-10-10', 'QN1258', '9505470657');
INSERT INTO ejemplar VALUES('1023', '1989-10-29', 'MA4833', '9505470673');
INSERT INTO ejemplar VALUES('1024', '1990-01-11', 'HL5348', '9500720663');
INSERT INTO ejemplar VALUES('1025', '1990-01-19', 'MH4018', '9509681598');
INSERT INTO ejemplar VALUES('1026', '1990-03-21', 'IL3844', '9501522121');
INSERT INTO ejemplar VALUES('1027', '1990-04-05', 'ON5040', '9501290670');
INSERT INTO ejemplar VALUES('1028', '1990-05-10', 'HT3275', '8420529869');
INSERT INTO ejemplar VALUES('1029', '1990-07-16', 'QD1785', '9505470673');
INSERT INTO ejemplar VALUES('1030', '1990-07-24', 'KJ5622', '9501290670');
INSERT INTO ejemplar VALUES('1031', '1990-07-25', 'PL1426', '8495785059');
INSERT INTO ejemplar VALUES('1032', '1990-08-14', 'ON5123', '950511754X');
INSERT INTO ejemplar VALUES('1033', '1990-09-02', 'QO5473', '950511754X');
INSERT INTO ejemplar VALUES('1034', '1990-10-30', 'SF3052', '9505470673');
INSERT INTO ejemplar VALUES('1035', '1990-11-19', 'QC4872', '847953365X');
INSERT INTO ejemplar VALUES('1036', '1990-11-22', 'KQ5761', '950511754X');
INSERT INTO ejemplar VALUES('1037', '1990-12-06', 'PC5591', '9879460650');
INSERT INTO ejemplar VALUES('1038', '1990-12-23', 'NA2495', '847953365X');
INSERT INTO ejemplar VALUES('1039', '1991-01-12', 'OM2593', '9500423618');
INSERT INTO ejemplar VALUES('1040', '1991-04-16', 'NJ3495', '8466604782');
INSERT INTO ejemplar VALUES('1041', '1991-04-19', 'RN4022', '9500423618');
INSERT INTO ejemplar VALUES('1042', '1991-05-01', 'KR3278', '9500718863');
INSERT INTO ejemplar VALUES('1043', '1991-05-03', 'AH5661', '8466604782');
INSERT INTO ejemplar VALUES('1044', '1991-06-07', 'PR5935', '9501522121');
INSERT INTO ejemplar VALUES('1045', '1991-06-08', 'AJ3664', '8466604782');
INSERT INTO ejemplar VALUES('1046', '1991-08-19', 'DH2120', '9500722364');
INSERT INTO ejemplar VALUES('1047', '1991-08-20', 'PL4162', '9706513612');
INSERT INTO ejemplar VALUES('1048', '1991-09-06', 'GL3747', '9879460650');
INSERT INTO ejemplar VALUES('1049', '1991-11-03', 'EP5012', '9871081014');
INSERT INTO ejemplar VALUES('1050', '1991-11-20', 'PH2822', '9706513612');
INSERT INTO ejemplar VALUES('1051', '1991-11-21', 'FQ5269', '9500423618');
INSERT INTO ejemplar VALUES('1052', '1991-11-23', 'BC4791', '9584100939');
INSERT INTO ejemplar VALUES('1053', '1992-03-13', 'ME4156', '8448132149');
INSERT INTO ejemplar VALUES('1054', '1992-03-20', 'HP4778', '9688804711');
INSERT INTO ejemplar VALUES('1055', '1992-04-03', 'PM1155', '9504909426');
INSERT INTO ejemplar VALUES('1056', '1992-07-27', 'TK5521', '9500719193');
INSERT INTO ejemplar VALUES('1057', '1992-08-28', 'QR3347', '844812023X');
INSERT INTO ejemplar VALUES('1058', '1992-08-31', 'GO2134', '9706513612');
INSERT INTO ejemplar VALUES('1059', '1992-09-05', 'NF1376', '9509681229');
INSERT INTO ejemplar VALUES('1060', '1992-09-24', 'FT1088', '9688804711');
INSERT INTO ejemplar VALUES('1061', '1992-10-13', 'HA5291', '8420531774');
INSERT INTO ejemplar VALUES('1062', '1992-11-11', 'MF2828', '9504909426');
INSERT INTO ejemplar VALUES('1063', '1992-11-11', 'MI2730', '9879789245');
INSERT INTO ejemplar VALUES('1064', '1993-01-24', 'ME3192', '9871081006');
INSERT INTO ejemplar VALUES('1065', '1993-02-04', 'CI3182', '9505470665');
INSERT INTO ejemplar VALUES('1066', '1993-02-11', 'JC5823', '8448132149');
INSERT INTO ejemplar VALUES('1067', '1993-02-25', 'GR2398', '9507300562');
INSERT INTO ejemplar VALUES('1068', '1993-03-08', 'DR4260', '9507300562');
INSERT INTO ejemplar VALUES('1069', '1993-03-13', 'HT1078', '9879789245');
INSERT INTO ejemplar VALUES('1070', '1993-05-14', 'IG4902', '8431652284');
INSERT INTO ejemplar VALUES('1071', '1993-07-14', 'JI1999', '9580464065');
INSERT INTO ejemplar VALUES('1072', '1993-08-23', 'GQ3846', '9879789245');
INSERT INTO ejemplar VALUES('1073', '1993-08-30', 'JM2783', '9500722313');
INSERT INTO ejemplar VALUES('1074', '1993-09-08', 'TN5624', '8445071769');
INSERT INTO ejemplar VALUES('1075', '1993-10-27', 'AI5509', '9702602068');
INSERT INTO ejemplar VALUES('1076', '1993-11-02', 'KE2305', '9702602068');
INSERT INTO ejemplar VALUES('1077', '1993-12-18', 'HF4010', '8466300694');
INSERT INTO ejemplar VALUES('1078', '1994-01-22', 'AO4147', '9500422786');
INSERT INTO ejemplar VALUES('1079', '1994-02-15', 'HI3763', '9702602068');
INSERT INTO ejemplar VALUES('1080', '1994-03-13', 'TE5423', '9702602068');
INSERT INTO ejemplar VALUES('1081', '1994-05-03', 'AE2593', '9580464065');
INSERT INTO ejemplar VALUES('1082', '1994-08-04', 'IA3674', '8445071408');
INSERT INTO ejemplar VALUES('1083', '1994-11-06', 'PQ4900', '9879317092');
INSERT INTO ejemplar VALUES('1084', '1994-12-12', 'EN3994', '9500721236');
INSERT INTO ejemplar VALUES('1085', '1994-12-31', 'AN1883', '9684443102');
INSERT INTO ejemplar VALUES('1086', '1995-01-10', 'JJ3159', '9684444222');
INSERT INTO ejemplar VALUES('1087', '1995-01-28', 'RR4530', '9500721104');
INSERT INTO ejemplar VALUES('1088', '1995-01-31', 'RR5859', '8466303715');
INSERT INTO ejemplar VALUES('1089', '1995-03-18', 'CS2679', '9684444222');
INSERT INTO ejemplar VALUES('1090', '1995-03-22', 'HB2390', '8478290419');
INSERT INTO ejemplar VALUES('1091', '1995-03-22', 'NT2889', '9500721104');
INSERT INTO ejemplar VALUES('1092', '1995-03-25', 'DL3094', '950490775X');
INSERT INTO ejemplar VALUES('1093', '1995-04-13', 'KS1637', '9500721236');
INSERT INTO ejemplar VALUES('1094', '1995-04-13', 'IJ5960', '9505470630');
INSERT INTO ejemplar VALUES('1095', '1995-05-14', 'QB4910', '9500721732');
INSERT INTO ejemplar VALUES('1096', '1995-10-03', 'PQ2896', '8448120558');
INSERT INTO ejemplar VALUES('1097', '1995-10-04', 'LI3367', '8448120558');
INSERT INTO ejemplar VALUES('1098', '1995-12-09', 'SP1029', '9500826445');
INSERT INTO ejemplar VALUES('1099', '1996-01-02', 'KS4346', '8478290419');
INSERT INTO ejemplar VALUES('1100', '1996-03-08', 'HF5694', '9504909035');
INSERT INTO ejemplar VALUES('1101', '1996-04-15', 'PQ5303', '9509681881');
INSERT INTO ejemplar VALUES('1102', '1996-04-28', 'JG2517', '9509681881');
INSERT INTO ejemplar VALUES('1103', '1996-06-16', 'HS1861', '8478886184');
INSERT INTO ejemplar VALUES('1104', '1996-07-18', 'DP4099', '9684443102');
INSERT INTO ejemplar VALUES('1105', '1996-07-30', 'MP2761', '9879460197');
INSERT INTO ejemplar VALUES('1106', '1996-09-05', 'QT3522', '8466304630');
INSERT INTO ejemplar VALUES('1107', '1996-09-19', 'QC4238', '9879460561');
INSERT INTO ejemplar VALUES('1108', '1996-10-12', 'SR1084', '9879460197');
INSERT INTO ejemplar VALUES('1109', '1996-11-08', 'PD4704', '8479534486');
INSERT INTO ejemplar VALUES('1110', '1996-11-08', 'TC5051', '9504909248');
INSERT INTO ejemplar VALUES('1111', '1996-11-13', 'NR3365', '9501701492');
INSERT INTO ejemplar VALUES('1112', '1996-12-14', 'DB4144', '8448108140');
INSERT INTO ejemplar VALUES('1113', '1997-01-20', 'DL3149', '8479534486');
INSERT INTO ejemplar VALUES('1114', '1997-05-18', 'OC1862', '950742895X');
INSERT INTO ejemplar VALUES('1115', '1997-06-09', 'KF4298', '9706860436');
INSERT INTO ejemplar VALUES('1116', '1997-06-28', 'DI2031', '9702602033');
INSERT INTO ejemplar VALUES('1117', '1997-07-04', 'HI3747', '8401014743');
INSERT INTO ejemplar VALUES('1118', '1997-07-05', 'DB5652', '8479534451');
INSERT INTO ejemplar VALUES('1119', '1997-07-13', 'BH5106', '9504909248');
INSERT INTO ejemplar VALUES('1120', '1997-08-03', 'AH5299', '8478886184');
INSERT INTO ejemplar VALUES('1121', '1998-01-08', 'QF2310', '8426413099');
INSERT INTO ejemplar VALUES('1122', '1998-01-14', 'EC5193', '950742895X');
INSERT INTO ejemplar VALUES('1123', '1998-01-31', 'TQ1212', '8445071777');
INSERT INTO ejemplar VALUES('1124', '1998-04-26', 'KP3939', '8439707444');
INSERT INTO ejemplar VALUES('1125', '1998-04-27', 'HT3878', '8433966901');
INSERT INTO ejemplar VALUES('1126', '1998-05-13', 'CJ4010', '9504909272');
INSERT INTO ejemplar VALUES('1127', '1998-07-01', 'BO4089', '9500422824');
INSERT INTO ejemplar VALUES('1128', '1998-08-02', 'QL5253', '9505470649');
INSERT INTO ejemplar VALUES('1129', '1998-08-17', 'DL2952', '8480885041');
INSERT INTO ejemplar VALUES('1130', '1998-09-17', 'NI4822', '9871078064');
INSERT INTO ejemplar VALUES('1131', '1998-10-11', 'TR4840', '9507320296');
INSERT INTO ejemplar VALUES('1132', '1998-11-23', 'FG4143', '8439707444');
INSERT INTO ejemplar VALUES('1133', '1999-02-05', 'KH2540', '9509681644');
INSERT INTO ejemplar VALUES('1134', '1999-03-02', 'SK3736', '9580465088');
INSERT INTO ejemplar VALUES('1135', '1999-05-16', 'LQ4023', '9702601916');
INSERT INTO ejemplar VALUES('1136', '1999-07-25', 'PP2477', '8401014808');
INSERT INTO ejemplar VALUES('1137', '1999-08-04', 'GG5028', '847888663X');
INSERT INTO ejemplar VALUES('1138', '1999-11-11', 'LP1062', '9500422824');
INSERT INTO ejemplar VALUES('1139', '2000-01-02', 'MG5909', '9500721872');
INSERT INTO ejemplar VALUES('1140', '2000-04-03', 'MG5239', '9500721872');
INSERT INTO ejemplar VALUES('1141', '2000-05-10', 'EN5872', '9500721872');
INSERT INTO ejemplar VALUES('1142', '2000-05-28', 'EN5213', '9504908136');
INSERT INTO ejemplar VALUES('1143', '2000-10-22', 'LL1681', '9871046014');
INSERT INTO ejemplar VALUES('1144', '2000-11-10', 'CD4200', '9502802721');
INSERT INTO ejemplar VALUES('1145', '2000-11-12', 'IT4126', '840142321X');
INSERT INTO ejemplar VALUES('1146', '2000-11-16', 'LD5346', '9684444877');
INSERT INTO ejemplar VALUES('1147', '2000-12-14', 'QG2384', '846630164X');
INSERT INTO ejemplar VALUES('1148', '2001-01-31', 'KK2529', '8401014794');
INSERT INTO ejemplar VALUES('1149', '2001-07-12', 'OS3421', '950129000X');

INSERT INTO escritopor VALUES('9701701283', '1236');
INSERT INTO escritopor VALUES('9871081014', '1245');
INSERT INTO escritopor VALUES('9500826445', '1254');
INSERT INTO escritopor VALUES('950490775X', '1254');
INSERT INTO escritopor VALUES('9501701492', '1263');
INSERT INTO escritopor VALUES('9501702197', '1263');
INSERT INTO escritopor VALUES('9706860436', '1272');
INSERT INTO escritopor VALUES('9871078064', '1281');
INSERT INTO escritopor VALUES('9501290670', '1290');
INSERT INTO escritopor VALUES('8479534451', '1299');
INSERT INTO escritopor VALUES('9500721104', '1308');
INSERT INTO escritopor VALUES('9500422786', '1317');
INSERT INTO escritopor VALUES('9879460650', '1326');
INSERT INTO escritopor VALUES('9504909426', '1335');
INSERT INTO escritopor VALUES('8478290419', '1344');
INSERT INTO escritopor VALUES('8425335833', '1353');
INSERT INTO escritopor VALUES('9879789245', '1362');
INSERT INTO escritopor VALUES('9504908136', '1371');
INSERT INTO escritopor VALUES('9507300562', '1380');
INSERT INTO escritopor VALUES('8448108140', '1389');
INSERT INTO escritopor VALUES('8448120558', '1398');
INSERT INTO escritopor VALUES('8479534486', '1407');
INSERT INTO escritopor VALUES('8480885041', '1416');
INSERT INTO escritopor VALUES('8423968146', '1425');
INSERT INTO escritopor VALUES('9501522261', '1434');
INSERT INTO escritopor VALUES('9871046014', '1443');
INSERT INTO escritopor VALUES('950511754X', '1452');
INSERT INTO escritopor VALUES('9684443102', '1461');
INSERT INTO escritopor VALUES('8401014794', '1470');
INSERT INTO escritopor VALUES('8401014743', '1479');
INSERT INTO escritopor VALUES('8426413099', '1488');
INSERT INTO escritopor VALUES('950742895X', '1497');
INSERT INTO escritopor VALUES('9879460561', '1506');
INSERT INTO escritopor VALUES('8466304630', '1515');
INSERT INTO escritopor VALUES('9500721872', '1524');
INSERT INTO escritopor VALUES('844812023X', '1533');
INSERT INTO escritopor VALUES('9504909035', '1542');
INSERT INTO escritopor VALUES('9500423618', '1551');
INSERT INTO escritopor VALUES('9871081006', '1560');
INSERT INTO escritopor VALUES('9879471156', '1569');
INSERT INTO escritopor VALUES('9879317092', '1578');
INSERT INTO escritopor VALUES('9500415496', '1587');
INSERT INTO escritopor VALUES('846630164X', '1596');
INSERT INTO escritopor VALUES('9500718863', '1605');
INSERT INTO escritopor VALUES('9706513612', '1614');
INSERT INTO escritopor VALUES('9688804711', '1623');
INSERT INTO escritopor VALUES('9684444877', '1632');
INSERT INTO escritopor VALUES('950129000X', '1641');
INSERT INTO escritopor VALUES('8401014808', '1650');
INSERT INTO escritopor VALUES('9584100939', '1659');
INSERT INTO escritopor VALUES('9702602033', '1668');
INSERT INTO escritopor VALUES('8420531774', '1677');
INSERT INTO escritopor VALUES('8420529869', '1677');
INSERT INTO escritopor VALUES('8466300694', '1686');
INSERT INTO escritopor VALUES('9504909248', '1686');
INSERT INTO escritopor VALUES('8466604782', '1695');
INSERT INTO escritopor VALUES('9501522121', '1704');
INSERT INTO escritopor VALUES('9509681881', '1713');
INSERT INTO escritopor VALUES('9500720663', '1713');
INSERT INTO escritopor VALUES('9509681806', '1713');
INSERT INTO escritopor VALUES('9509681229', '1713');
INSERT INTO escritopor VALUES('9500721732', '1713');
INSERT INTO escritopor VALUES('9509681598', '1713');
INSERT INTO escritopor VALUES('9500719193', '1713');
INSERT INTO escritopor VALUES('9509681644', '1713');
INSERT INTO escritopor VALUES('8433966901', '1722');
INSERT INTO escritopor VALUES('9502802721', '1731');
INSERT INTO escritopor VALUES('9684444222', '1740');
INSERT INTO escritopor VALUES('9500721236', '1749');
INSERT INTO escritopor VALUES('9702602068', '1758');
INSERT INTO escritopor VALUES('8431652284', '1767');
INSERT INTO escritopor VALUES('8445071769', '1776');
INSERT INTO escritopor VALUES('9505470657', '1776');
INSERT INTO escritopor VALUES('9505470673', '1776');
INSERT INTO escritopor VALUES('9505470665', '1776');
INSERT INTO escritopor VALUES('8445071408', '1776');
INSERT INTO escritopor VALUES('9505470630', '1776');
INSERT INTO escritopor VALUES('9505470649', '1776');
INSERT INTO escritopor VALUES('8445071416', '1776');
INSERT INTO escritopor VALUES('9500722364', '1785');
INSERT INTO escritopor VALUES('8445071777', '1794');
INSERT INTO escritopor VALUES('840142321X', '1803');
INSERT INTO escritopor VALUES('9702601916', '1812');
INSERT INTO escritopor VALUES('9500422824', '1821');
INSERT INTO escritopor VALUES('847953365X', '1830');
INSERT INTO escritopor VALUES('9580464065', '1839');
INSERT INTO escritopor VALUES('9500722313', '1848');
INSERT INTO escritopor VALUES('950125495X', '1857');
INSERT INTO escritopor VALUES('9879460197', '1866');
INSERT INTO escritopor VALUES('9580465088', '1875');
INSERT INTO escritopor VALUES('9504909272', '1884');
INSERT INTO escritopor VALUES('8495785059', '1893');
INSERT INTO escritopor VALUES('8439707444', '1902');
INSERT INTO escritopor VALUES('8466303715', '1911');
INSERT INTO escritopor VALUES('8478886117', '1920');
INSERT INTO escritopor VALUES('8478886184', '1920');
INSERT INTO escritopor VALUES('847888663X', '1920');
INSERT INTO escritopor VALUES('8478886192', '1920');
INSERT INTO escritopor VALUES('8448132149', '1929');
INSERT INTO escritopor VALUES('9507320296', '1938');

INSERT INTO localidad VALUES('2200', 'SAN LORENZO');
INSERT INTO localidad VALUES('2240', 'CORONDA');
INSERT INTO localidad VALUES('2300', 'RAFAELA');
INSERT INTO localidad VALUES('2340', 'CERES');
INSERT INTO localidad VALUES('2440', 'SASTRE');
INSERT INTO localidad VALUES('2550', 'BELL VILLE');
INSERT INTO localidad VALUES('2580', 'MARCOS JUAREZ');
INSERT INTO localidad VALUES('2600', 'VENADO TUERTO');
INSERT INTO localidad VALUES('2630', 'BARRIO CASADO');
INSERT INTO localidad VALUES('2650', 'CANALS');
INSERT INTO localidad VALUES('2700', 'PERGAMINO');
INSERT INTO localidad VALUES('2720', 'COLON');
INSERT INTO localidad VALUES('2740', 'ARRECIFES');
INSERT INTO localidad VALUES('2760', 'SAN ANTONIO DE ARECO');
INSERT INTO localidad VALUES('2800', 'ZARATE');
INSERT INTO localidad VALUES('2820', 'GUALEGUAYCHU');
INSERT INTO localidad VALUES('2840', 'GUALEGUAY');
INSERT INTO localidad VALUES('2850', 'ENRIQUE CARBO');
INSERT INTO localidad VALUES('2900', 'SAN NICOLAS');
INSERT INTO localidad VALUES('2930', 'SAN PEDRO');
INSERT INTO localidad VALUES('2950', 'GOBERNADOR CASTRO');
INSERT INTO localidad VALUES('3000', 'SANTA FE');
INSERT INTO localidad VALUES('3030', 'SAN PEDRO');
INSERT INTO localidad VALUES('3040', 'SAN JUSTO');
INSERT INTO localidad VALUES('3050', 'CALCHAQUI');
INSERT INTO localidad VALUES('3060', 'TOSTADO');
INSERT INTO localidad VALUES('3070', 'SAN CRISTOBAL');
INSERT INTO localidad VALUES('3080', 'ESPERANZA');
INSERT INTO localidad VALUES('3100', 'PARANA');
INSERT INTO localidad VALUES('3110', 'QUEBRACHO');
INSERT INTO localidad VALUES('3120', 'LA PICADA');
INSERT INTO localidad VALUES('3150', 'NOGOYA');
INSERT INTO localidad VALUES('3170', 'BASAVILBASO');
INSERT INTO localidad VALUES('3180', 'FEDERAL');
INSERT INTO localidad VALUES('3190', 'LA PAZ');
INSERT INTO localidad VALUES('3200', 'CONCORDIA');
INSERT INTO localidad VALUES('3210', 'GRAL.CAMPOS');
INSERT INTO localidad VALUES('3220', 'MONTE CASEROS');
INSERT INTO localidad VALUES('3230', 'PASO DE LOS LIBRES');
INSERT INTO localidad VALUES('3240', 'VILLAGUAY');
INSERT INTO localidad VALUES('3260', 'CONCEPCION DEL URUGUAY');
INSERT INTO localidad VALUES('3280', 'COLON');
INSERT INTO localidad VALUES('3300', 'POSADAS');

INSERT INTO usuario VALUES('18048777', 'VALVERDE  JOSE LUIS ', 'SANTA FE  1939', 'M', '483968', '2550');
INSERT INTO usuario VALUES('18066409', 'LOPEZ  CARLOS ALBERTO ', 'BRASIL  479', 'M', '468927', '3000');
INSERT INTO usuario VALUES('18075980', 'SCHINDER  MIGUEL ANGEL ', 'PAUL HARRIS  1875', 'M', '498512', '3260');
INSERT INTO usuario VALUES('18139245', 'BRITOS  JOSE ALBERTO ', 'BV.ARGENTINO  107', 'M', '427775', '3100');
INSERT INTO usuario VALUES('18166195', 'GALLO  NICOLAS ', 'ALVARADO  101', 'M', '421642', '3260');
INSERT INTO usuario VALUES('18179407', 'VERA  ANGEL ENRIQUE ', 'E.PERON  2392', 'M', '410460', '3260');
INSERT INTO usuario VALUES('18182572', 'GRIMALDI  CARLOS ', 'GRAL.ROCA  150', 'M', '464179', '3120');
INSERT INTO usuario VALUES('18219542', 'CERULLI  JOSE LUIS ', 'SANTIAGO  1292', 'M', '497413', '3000');
INSERT INTO usuario VALUES('18220725', 'VEGA  RICARDO ENRIQUE ', 'ALMAFUERTE  1107', 'M', '478988', '3100');
INSERT INTO usuario VALUES('18239519', 'CARBONE DE COSSO  RAMON ', 'BERUTTI  1724', 'M', '479272', '3260');
INSERT INTO usuario VALUES('18352689', 'AYALA  ALEJANDRO BERNARDO ', 'PANAMA  1317', 'M', '477945', '3100');
INSERT INTO usuario VALUES('18367980', 'LOPEZ  CAYETANO ', 'ANTARTIDA ARGENTINA  445', 'M', '462282', '3200');
INSERT INTO usuario VALUES('18368019', 'BUFFAZ  DARIO MATEO ', 'SALTA  1900', 'M', '419079', '3230');
INSERT INTO usuario VALUES('18379935', 'BETTINI  CARLOS ALBERTO ', 'PTE.ILLIA  780', 'M', '487831', '3100');
INSERT INTO usuario VALUES('18464917', 'TATSUYUKI MARCELO JUAN ', 'VERTIZ  773', 'M', '490110', '3000');
INSERT INTO usuario VALUES('18478528', 'VALLEJO  FRANCISCO JAVIER ', 'CELIA TORRA  549', 'M', '494021', '3200');
INSERT INTO usuario VALUES('18493031', 'ORELLANO  DANIEL ROQUE ', 'GALARZA  547', 'M', '455587', '3000');
INSERT INTO usuario VALUES('18510516', 'CATIVELLI  HORACIO FABIAN GREGORIO ', 'SAN MARTIN  154', 'M', '468949', '3200');
INSERT INTO usuario VALUES('18546130', 'MASCHIO  SILVIO NORBERTO ', '1ERO.DE MAYO  320', 'M', '499474', '3260');
INSERT INTO usuario VALUES('18549553', 'TAGLIAVINI  JUAN FRANCISCO ', 'RIVADAVIA  295', 'M', '464189', '3220');
INSERT INTO usuario VALUES('18667921', 'STEGMAYER  WALTER JAVIER ', 'LOS VASCOS  675', 'M', '418545', '3260');
INSERT INTO usuario VALUES('18739897', 'COLMAN DE SAUER  MARIA INES ', 'SARMIENTO  1745', 'F', '459775', '3000');
INSERT INTO usuario VALUES('18752320', 'DOTTA  NORMA MARGARITA ', 'LA LAJA  340', 'F', '490264', '3100');
INSERT INTO usuario VALUES('18776829', 'MANAVELLA  ALFREDO GUSTAVO ', 'AYACUCHO  1163', 'M', '488129', '3260');
INSERT INTO usuario VALUES('18800270', 'ALLEMAN  RODOLFO ENRIQUE ', 'URQUIZA  632', 'M', '488140', '3170');
INSERT INTO usuario VALUES('18851946', 'HORNUS  RAUL RAFAEL ', 'JOSE HERNANDEZ  1067', 'M', '459137', '3100');
INSERT INTO usuario VALUES('18895265', 'ALBELO  RUBEN VICTOR ', 'FCO.MEDUS  2021', 'M', '487947', '3100');
INSERT INTO usuario VALUES('18914274', 'MALDONADO  CELIA ', 'SAN JUAN  477', 'F', '422964', '3210');
INSERT INTO usuario VALUES('18926999', 'HORNUS  DANIEL ', 'SALGUERO  294', 'M', '425054', '3260');
INSERT INTO usuario VALUES('18973699', 'DIESEL  JORGE ALDO ', 'ROBERTO LEVILLIER  290', 'M', '423586', '3260');
INSERT INTO usuario VALUES('18980863', 'RODRIGUEZ PONTE  MARGARITA ', 'MAGNASCO  836', 'F', '449549', '3200');
INSERT INTO usuario VALUES('18991114', 'PEREZ  MARCELO FABIAN ', 'MAR ADRIATICO  68', 'M', '457027', '2900');
INSERT INTO usuario VALUES('19035421', 'MARENGO  FERNANDO ALBERTO ', 'ABDON-------  1604', 'M', '431564', '3180');
INSERT INTO usuario VALUES('19095306', 'MEDINA  JOSE ANTONIO ', 'BUENOS AIRES  473', 'M', '427600', '3100');
INSERT INTO usuario VALUES('19113204', 'GATTI  MARIANO ANDRES ', 'VENEZUELA  1138', 'M', '440133', '3100');
INSERT INTO usuario VALUES('19136722', 'ORTEGA  GUILLERMO ', 'CLAUDIO RODRIGO  1809', 'M', '436368', '3100');
INSERT INTO usuario VALUES('19143870', 'JUAREZ  FEDERICO SANTIAGO ', 'JUJUY  119', 'M', '453305', '3000');
INSERT INTO usuario VALUES('19175668', 'LOPEZ  FELIX AIMINO ', 'FOTHERINGHAN  1084', 'M', '494498', '2200');
INSERT INTO usuario VALUES('19181879', 'LOPEZ  FERNANDO GABRIEL ', 'SALTA  1342', 'M', '439839', '3100');
INSERT INTO usuario VALUES('19194425', 'ROBINSON ARAOZ  HECTOR DAVID ', 'MISIONES  1572', 'M', '492574', '3000');
INSERT INTO usuario VALUES('19251129', 'PEREZ  RAMON ', 'ALTE.BROWN  91', 'M', '420201', '3000');
INSERT INTO usuario VALUES('19262771', 'JATON  JUAN CARLOS ', 'H.IRIGOYEN  393', 'M', '498965', '3260');
INSERT INTO usuario VALUES('19269698', 'WERNER  CARLOS RUBEN ', 'SARMIENTO  990', 'M', '411833', '3000');
INSERT INTO usuario VALUES('19278714', 'SEGOVIA  JUAN CARLOS ', 'ANDREANE  1041', 'M', '444288', '2340');
INSERT INTO usuario VALUES('19311677', 'OVIEDO  ORLANDO ', 'MORENO  853', 'M', '438178', '3000');
INSERT INTO usuario VALUES('19316130', 'LONGONI  GABRIEL ', '9 DE JULIO  765', 'M', '436829', '3260');
INSERT INTO usuario VALUES('19317978', 'RE CRESPO  JORGE ALBERTO ', 'T.DEL FUEGO  1015', 'M', '478838', '3260');
INSERT INTO usuario VALUES('19349824', 'TRENTO  JESUS MARIO ', 'ESTADOS UNIDOS  2429', 'M', '452330', '2650');
INSERT INTO usuario VALUES('19382206', 'VALDIVIEZO  EDUARDO NELSON ', 'CORONEL REGUERA  652', 'M', '484962', '3000');
INSERT INTO usuario VALUES('19390296', 'MACIAS  WALTER DOMINGO ', 'BV.9 DE JULIO  716', 'M', '418091', '2800');
INSERT INTO usuario VALUES('19392803', 'TORRA  DAMIAN FRANCISCO ', 'PTE. ILLIA  1461', 'M', '416986', '3110');
INSERT INTO usuario VALUES('19400606', 'SCHEFFER  VICTOR HUGO ', 'AMERICO VESPUCIO  346', 'M', '475478', '3000');
INSERT INTO usuario VALUES('19404461', 'LEIVA  ISMAEL ', 'J.M.LHERITIER  373', 'M', '467312', '3000');
INSERT INTO usuario VALUES('19462528', 'SCHWICH  NICOLAS ', 'AV.MADARIAGA  35', 'M', '463401', '2630');
INSERT INTO usuario VALUES('19491085', 'BUFFAZ  HECTOR ', 'EDIF.5-CHACRA  44', 'M', '438638', '3260');
INSERT INTO usuario VALUES('19554611', 'KOHAN  JUAN CARLOS ', 'MALVINAS ARGENTINAS  736', 'M', '438451', '3150');
INSERT INTO usuario VALUES('19562405', 'BUTASSI  GERARDO ', 'LUIS PASTEUR  583', 'M', '454856', '2840');
INSERT INTO usuario VALUES('19575495', 'ZORRILLA  HERIBERTO ', 'AVDA.SAN MARTIN "O"  141', 'M', '438436', '3040');
INSERT INTO usuario VALUES('19588337', 'NEIWIRT  JUAN PABLO ', 'ALSINA  25', 'M', '473187', '2600');
INSERT INTO usuario VALUES('19654747', 'DURANDO  RICARDO DANIEL ', 'PJE.AGUSTIN MAZZA  1625', 'M', '442115', '3070');
INSERT INTO usuario VALUES('19655400', 'CAUNEDO  JOAQUIN ', 'AV.CARAFFA  111', 'M', '473404', '3260');
INSERT INTO usuario VALUES('19660761', 'LEAL  NESTOR JAVIER ', 'BV.ESPAÑA  1834', 'M', '441469', '3200');
INSERT INTO usuario VALUES('19686179', 'BAROLO  ENRIQUE ', 'FERREYRA  177', 'M', '429935', '3260');
INSERT INTO usuario VALUES('19734957', 'AMARILLA  IMAZU', 'CAA GUAZU  2440', 'M', '413903', '2300');
INSERT INTO usuario VALUES('19769004', 'FIGAROLA  MIGUEL ', 'DANTE ALIGHIERI  2883', 'M', '419040', '3100');
INSERT INTO usuario VALUES('19772442', 'VIGNOLA  RAQUEL ', 'ALMAFUERTE  2367', 'M', '429594', '3100');
INSERT INTO usuario VALUES('19796739', 'BELLOMO  ROSA ISABEL ', 'LIBERTAD  345', 'F', '450034', '3260');
INSERT INTO usuario VALUES('19848003', 'VALLEJOS  JULIO OMAR ', 'J.DEL BARCO  1032', 'M', '418991', '3000');
INSERT INTO usuario VALUES('19868424', 'CASCO  LUIS MARIA ', 'M. BERNARD  1', 'M', '476765', '3000');
INSERT INTO usuario VALUES('19893637', 'DANA  ALBERTO BENJAMIN ', 'J.M.URIBURU  234', 'M', '431065', '3260');
INSERT INTO usuario VALUES('19934200', 'CORDERO  GLADYS ', 'JUJUY  335', 'M', '430104', '2740');
INSERT INTO usuario VALUES('19961070', 'INTRA  GABRIEL ALEJANDRO ', 'BUENOS AIRES  253', 'M', '461123', '3260');
INSERT INTO usuario VALUES('19962421', 'CHIAROTTO  VICTOR EDUARDO ', '14 DE JULIO  489', 'M', '446619', '3260');
INSERT INTO usuario VALUES('19969613', 'MAGRA  SERGIO DANTE ', 'UNION  187', 'M', '432660', '2850');
INSERT INTO usuario VALUES('19971977', 'FARIAS  GUSTAVO ARISTIDES ', 'SARMIENTO  1562', 'M', '496577', '3280');
INSERT INTO usuario VALUES('20005682', 'VILLALBA  JOSE LAURINDO ', 'SAN MARTIN  887', 'M', '439409', '3000');
INSERT INTO usuario VALUES('20007670', 'VERONESI  JUAN CARLOS ', 'ENTRE RIOS  331', 'M', '494541', '3200');
INSERT INTO usuario VALUES('20010181', 'COVATO  MIGUEL ANGEL ', 'CORDOBA  3608', 'M', '428617', '3000');
INSERT INTO usuario VALUES('20103075', 'GARCIA  DANIEL OSCAR ', 'TAMBOR DE TACUARI  1207', 'M', '469339', '3100');
INSERT INTO usuario VALUES('20122336', 'SCHONFELD  EUGENIO CARLOS ', 'JUJUY  274', 'M', '492726', '3100');
INSERT INTO usuario VALUES('20144181', 'LONGO DE ANGELINI  NORMA M. ', 'BV. 3 DE FEBRERO  729', 'F', '466663', '3200');
INSERT INTO usuario VALUES('20164759', 'PAJON  EDUARDO ANTONIO ', 'DERQUI  475', 'M', '459113', '3260');
INSERT INTO usuario VALUES('20198111', 'GALDEANO  RENE ALBERTO ', 'B  CENTENARIO 1  PASAJE  1090', 'M', '478078', '3260');
INSERT INTO usuario VALUES('20211497', 'CERULLI  HUGO ANGEL ', 'PEDRO PERIGAN  455', 'M', '475849', '3000');
INSERT INTO usuario VALUES('20221291', 'MOLINARI  JORGE ', 'ALVEAR  1147', 'M', '458894', '3240');
INSERT INTO usuario VALUES('20316070', 'HABERLE  CARLOS ENRIQUE ', 'PASTEUR  1019', 'M', '417248', '3260');
INSERT INTO usuario VALUES('20347807', 'DEBRABANDERE  ELOY RAFAEL ', 'RUIZ DIAZ DE GUZMAN  31', 'M', '421481', '2950');
INSERT INTO usuario VALUES('20367730', 'DIAZ  RICARDO PEDRO ', 'CAMP.DEL CALA  1400', 'M', '483973', '3000');
INSERT INTO usuario VALUES('20415437', 'MEDINA  JUAN DOMINGO ', 'LIMA  126', 'M', '470657', '3200');
INSERT INTO usuario VALUES('20418837', 'RUIZ  LUIS ADELINO ', 'ASCASUBI  1312', 'M', '457066', '3000');
INSERT INTO usuario VALUES('20431243', 'MORAN  RODOLFO BENEDICTO ', 'CNEL.MOLDES  965', 'M', '451251', '3260');
INSERT INTO usuario VALUES('20435241', 'MARTIN  JORGE ALBERTO ', '3 DE CABALLERIA  415', 'M', '478984', '3260');
INSERT INTO usuario VALUES('20458250', 'FLORES  MIGUEL ', 'SUIPACHA  554', 'M', '499418', '3260');
INSERT INTO usuario VALUES('20498643', 'AFFRANCHINO  LUIS EDMUNDO ', 'H.IRIGOYEN  820', 'M', '471427', '3260');
INSERT INTO usuario VALUES('20502495', 'ROMERO  HECTOR ARNALDO ', 'DON BOSCO  1422', 'M', '453490', '3000');
INSERT INTO usuario VALUES('20506007', 'WERNER  VICTOR MARCELO ', 'BO.PARANA XX MZ.5 NRO.  155', 'M', '447119', '3260');
INSERT INTO usuario VALUES('20524660', 'PERUCCA  DOMINGO', 'PJE.MEDRANO  314', 'M', '468345', '3300');
INSERT INTO usuario VALUES('20538783', 'BALDOVINO  RICARDO EDUARDO ', 'IGUAZU  996', 'M', '462956', '3200');
INSERT INTO usuario VALUES('20565324', 'RODRIGUEZ  RAUL ELIAS ', 'DEAN FUNES  926', 'M', '415584', '3260');
INSERT INTO usuario VALUES('20597438', 'FRIGO  HUGO ANGEL ', 'FRANCISCO DE ALARCON  8', 'M', '462894', '3260');
INSERT INTO usuario VALUES('20610154', 'NAVARRO VELASQUEZ  ROBERTO ', 'ARTURO ILLIA  5', 'M', '410072', '3050');
INSERT INTO usuario VALUES('20676660', 'VIDAL  JUAN CARLOS ', 'BOLIVIA  953', 'M', '463096', '3000');
INSERT INTO usuario VALUES('20701550', 'BETTIOL  RAMON ISMAEL ', 'CORRIENTES  551', 'M', '455197', '3260');
INSERT INTO usuario VALUES('20746638', 'BUSTAMANTE  SERGIO GUSTAVO ', 'CUBA  648', 'M', '460854', '3260');
INSERT INTO usuario VALUES('20783988', 'BRATIK  EDGAR GONZALO ', 'LINCOLM  557', 'M', '436680', '2820');
INSERT INTO usuario VALUES('20787017', 'RAMIREZ  VICTOR HUGO ', 'SAN ANTONIO  N   580', 'M', '469832', '3060');
INSERT INTO usuario VALUES('20807215', 'ZABALA  MIGUEL ANGEL ', 'DR. SCELZI  2440', 'M', '465468', '3260');
INSERT INTO usuario VALUES('20810040', 'ANTIVERO DE BUIATTI  AVELINA ', 'INTENDENTE MACIEL  128', 'F', '453297', '3260');
INSERT INTO usuario VALUES('20823924', 'ZABALA  HECTOR AGUSTIN ', 'BOLIVIA  481', 'M', '455715', '3200');
INSERT INTO usuario VALUES('20841018', 'OJEDA  GUSTAVO GERMAN ', 'SAN MARTIN  930', 'M', '426557', '3260');
INSERT INTO usuario VALUES('20952267', 'PONCE  SERGIO DANIEL ', 'CTE.MINO  228', 'M', '479148', '3030');
INSERT INTO usuario VALUES('20997728', 'MOTTA  JORGE ALFREDO ', 'LOS CEIBOS  251', 'M', '412869', '3260');
INSERT INTO usuario VALUES('21038702', 'TOLLER  OSVALDO DOMINGO ', 'SUQUIA  151', 'M', '420874', '3260');
INSERT INTO usuario VALUES('21055968', 'BERTOGLIO  JOSE MARIO ', 'PERRUPATO  334', 'M', '467023', '3100');
INSERT INTO usuario VALUES('21056015', 'ORTEGA  ESTEBAN RAMON ', 'SARMIENTO  85', 'M', '499919', '3100');
INSERT INTO usuario VALUES('21081485', 'ROTELLI  CRISTIAN MARTIN ', 'SOBERBIO  499', 'M', '443029', '3260');
INSERT INTO usuario VALUES('21136738', 'ESPINDOLA  RAUL TOMAS ', 'ECHAGUE  417', 'M', '455621', '2700');
INSERT INTO usuario VALUES('21166851', 'MONTILLA  JUAN CARLOS ', 'AV.RIVADAVIA  962', 'M', '465843', '2930');
INSERT INTO usuario VALUES('21195641', 'GARNERO  ANA MARIA ', 'AVDA. MITRE  91', 'F', '486112', '3000');
INSERT INTO usuario VALUES('21258655', 'VOLONTE  RODOLFO ', 'C.CORREO  2500', 'M', '439723', '3190');
INSERT INTO usuario VALUES('21277368', 'JUAREZ  JUAN CARLOS ', 'MONTEVIDEO  877', 'M', '496374', '3200');
INSERT INTO usuario VALUES('21315612', 'GONZALEZ  EDUARDO LUIS ', '9 DE JULIO  1864', 'M', '451085', '3000');
INSERT INTO usuario VALUES('21318299', 'BARZALA  CARLOS VICENTE ', 'CARACAS-CUERPO 5  1598', 'M', '450182', '2580');
INSERT INTO usuario VALUES('21323660', 'MILLAN  ROGELIO ', 'RIVADAVIA  1107', 'M', '418248', '3100');
INSERT INTO usuario VALUES('21334847', 'PEIRO DIAZ  JORGE ALBERTO ', 'JUAN B.JUSTO  2912', 'M', '474451', '2760');
INSERT INTO usuario VALUES('21338371', 'IMHOFF  BENITO SILVIO ', 'SAN MARTIN  1759', 'M', '418453', '3100');
INSERT INTO usuario VALUES('21362416', 'PECCOUD  MIGUEL ROBERTO ', 'FILIPINI  530', 'M', '439646', '3260');
INSERT INTO usuario VALUES('21374866', 'MATEOS  HUGO ANTONIO ', 'MARIA OLGUIN  1105', 'M', '444264', '3000');
INSERT INTO usuario VALUES('21394280', 'BARRETO  TERESA ESTHER ', 'BERNARDO DE IRIGOYEN  16', 'F', '448695', '3000');
INSERT INTO usuario VALUES('21401273', 'SALAS  ERNESTO CARMELO ', 'SALTA  2593', 'M', '435067', '3260');
INSERT INTO usuario VALUES('21443474', 'MARCO  ALFONSO ANTONIO ', 'GDOR.GUZMAN  4450', 'M', '493402', '2440');
INSERT INTO usuario VALUES('21454858', 'REINERT  MABEL DEL CARMEN ', 'B.MITRE  4121', 'F', '468860', '3100');
INSERT INTO usuario VALUES('21472420', 'RUIZ  HAINI ', 'ARRAYANES  322', 'M', '469096', '3260');
INSERT INTO usuario VALUES('21481975', 'AMARILLO  JOSE ANTONIO ', 'CHACABUCO  760', 'M', '494253', '3100');
INSERT INTO usuario VALUES('21613262', 'ALBA  OSVALDO EFRAIN ', 'CANADA  1041', 'M', '449641', '3260');
INSERT INTO usuario VALUES('21627616', 'MONACO  JORGE L. ', 'RAMIRO SUAREZ  361', 'M', '442503', '3000');
INSERT INTO usuario VALUES('21631039', 'RASPO  MIGUEL ANGEL ', 'PJE.LA ALOJA  1404', 'M', '497219', '3080');
INSERT INTO usuario VALUES('21641289', 'HUERTA  CARLOS RAUL ', 'S.IRIONDO  148', 'M', '414697', '3100');
INSERT INTO usuario VALUES('21647249', 'GONZALEZ  MIGUEL FRANCISCO ', '1  DE MAYO  759', 'M', '481058', '3000');
INSERT INTO usuario VALUES('21647254', 'VIOLLAZ  GUILLERMO ', 'JUAN XXIII  1998', 'M', '424571', '3200');
INSERT INTO usuario VALUES('21703821', 'ARRUA  JOSE LUIS ', 'ALMAFUERTE  679', 'M', '452328', '3200');
INSERT INTO usuario VALUES('21731567', 'NADALES  CARLOS ISIDORO ', 'RAMIREZ  148', 'M', '497487', '2720');
INSERT INTO usuario VALUES('21754025', 'ALMEIDA  ANGEL ENRIQUE ', 'CORDOBA  111', 'M', '453378', '3200');
INSERT INTO usuario VALUES('21825110', 'CUPER  JUAN PABLO ', 'INCIENSO  2048', 'M', '447041', '3000');
INSERT INTO usuario VALUES('21860832', 'MORENO  PEDRO AURELIO ', 'SUPREMO ENTRERRIANO  793', 'M', '412110', '3200');
INSERT INTO usuario VALUES('21903102', 'RODRIGUEZ  JUAN NORBERTO ', 'LUCIO V.MANSILLA  2550', 'M', '428968', '2240');
INSERT INTO usuario VALUES('21928970', 'FERNANDEZ  MARIO CESAR ', 'LINO CHURRUARIN  502', 'M', '464415', '3000');
INSERT INTO usuario VALUES('21936597', 'AMAYA  MARTA ADA ', 'L.N.PALMA  1632', 'F', '417557', '3000');
INSERT INTO usuario VALUES('21989853', 'GIORGI  RENATO MEDARDO ', 'AV.COLON  166', 'M', '417436', '3260');
INSERT INTO usuario VALUES('21994638', 'WANG YU YUAN  CARLOS E. ', 'AV.D.ALIGHIERI  212', 'M', '441934', '3000');

INSERT INTO docente VALUES('18066409', 'PB646', '1986-01-07');
INSERT INTO docente VALUES('18179407', 'MA496', '1982-06-26');
INSERT INTO docente VALUES('18219542', 'DH487', '1985-03-22');
INSERT INTO docente VALUES('18220725', 'CQ602', '1984-08-12');
INSERT INTO docente VALUES('18239519', 'KL706', '1989-12-20');
INSERT INTO docente VALUES('18352689', 'KR215', '1982-09-05');
INSERT INTO docente VALUES('18367980', 'SA795', '1984-12-10');
INSERT INTO docente VALUES('18368019', 'FR206', '1981-06-21');
INSERT INTO docente VALUES('18379935', 'BT273', '1987-03-01');
INSERT INTO docente VALUES('18464917', 'MR213', '1986-03-08');
INSERT INTO docente VALUES('18478528', 'RG455', '1989-07-07');
INSERT INTO docente VALUES('18546130', 'NO377', '1980-06-28');
INSERT INTO docente VALUES('18752320', 'GC545', '1981-04-05');
INSERT INTO docente VALUES('18776829', 'LM318', '1989-01-31');
INSERT INTO docente VALUES('18800270', 'JI398', '1983-05-23');
INSERT INTO docente VALUES('19035421', 'MP162', '1986-05-09');
INSERT INTO docente VALUES('19095306', 'IH499', '1988-11-05');
INSERT INTO docente VALUES('19113204', 'GQ129', '1982-08-19');
INSERT INTO docente VALUES('19194425', 'BG385', '1987-05-10');
INSERT INTO docente VALUES('19269698', 'FT247', '1989-11-13');
INSERT INTO docente VALUES('19278714', 'ND324', '1987-02-05');
INSERT INTO docente VALUES('19390296', 'PN585', '1984-07-14');
INSERT INTO docente VALUES('19462528', 'ML256', '1985-04-24');
INSERT INTO docente VALUES('19575495', 'RP337', '1989-03-16');
INSERT INTO docente VALUES('19654747', 'EH601', '1989-10-02');
INSERT INTO docente VALUES('19734957', 'FO522', '1983-09-13');
INSERT INTO docente VALUES('19772442', 'OA444', '1988-10-12');
INSERT INTO docente VALUES('19962421', 'NF268', '1984-01-24');
INSERT INTO docente VALUES('19969613', 'AC369', '1988-07-06');
INSERT INTO docente VALUES('20164759', 'GB703', '1988-08-28');
INSERT INTO docente VALUES('20347807', 'DO753', '1981-04-05');
INSERT INTO docente VALUES('20367730', 'FT344', '1984-10-23');
INSERT INTO docente VALUES('20418837', 'FS703', '1989-12-08');
INSERT INTO docente VALUES('20502495', 'KC615', '1988-11-23');
INSERT INTO docente VALUES('20701550', 'TS419', '1989-06-11');
INSERT INTO docente VALUES('20807215', 'CC508', '1984-08-15');
INSERT INTO docente VALUES('20997728', 'SF107', '1985-01-25');
INSERT INTO docente VALUES('21055968', 'GQ283', '1983-08-01');
INSERT INTO docente VALUES('21136738', 'SD558', '1988-12-27');
INSERT INTO docente VALUES('21166851', 'RK108', '1983-04-26');
INSERT INTO docente VALUES('21195641', 'KP273', '1986-07-12');
INSERT INTO docente VALUES('21258655', 'QP275', '1981-02-24');
INSERT INTO docente VALUES('21277368', 'OD369', '1983-09-05');
INSERT INTO docente VALUES('21318299', 'QS794', '1984-06-20');
INSERT INTO docente VALUES('21334847', 'MA544', '1983-11-24');
INSERT INTO docente VALUES('21362416', 'CO243', '1987-04-12');
INSERT INTO docente VALUES('21374866', 'FG529', '1984-02-10');
INSERT INTO docente VALUES('21627616', 'FK398', '1984-01-20');
INSERT INTO docente VALUES('21647254', 'ON433', '1980-06-21');
INSERT INTO docente VALUES('21754025', 'EM675', '1985-09-11');
INSERT INTO docente VALUES('21825110', 'TF273', '1980-03-03');
INSERT INTO docente VALUES('21903102', 'DK753', '1982-06-05');
INSERT INTO docente VALUES('21928970', 'LK261', '1982-10-25');
INSERT INTO docente VALUES('21936597', 'MS456', '1988-05-17');

INSERT INTO investigador VALUES('18549553', '3');
INSERT INTO investigador VALUES('18895265', '3');
INSERT INTO investigador VALUES('19316130', '1');
INSERT INTO investigador VALUES('19349824', '2');
INSERT INTO investigador VALUES('19868424', '1');
INSERT INTO investigador VALUES('19962421', '2');
INSERT INTO investigador VALUES('20005682', '1');
INSERT INTO investigador VALUES('20418837', '3');
INSERT INTO investigador VALUES('20431243', '3');
INSERT INTO investigador VALUES('20676660', '2');
INSERT INTO investigador VALUES('20787017', '1');
INSERT INTO investigador VALUES('20823924', '1');
INSERT INTO investigador VALUES('21038702', '3');
INSERT INTO investigador VALUES('21055968', '1');
INSERT INTO investigador VALUES('21318299', '1');
INSERT INTO investigador VALUES('21323660', '1');
INSERT INTO investigador VALUES('21631039', '1');
INSERT INTO investigador VALUES('21731567', '3');
INSERT INTO investigador VALUES('21903102', '2');

INSERT INTO dicta VALUES('18464917', '1', '2');
INSERT INTO dicta VALUES('18464917', '1', '5');
INSERT INTO dicta VALUES('20997728', '1', '2');
INSERT INTO dicta VALUES('20997728', '1', '5');
INSERT INTO dicta VALUES('21825110', '1', '5');
INSERT INTO dicta VALUES('21928970', '1', '5');
INSERT INTO dicta VALUES('21258655', '2', '5');
INSERT INTO dicta VALUES('20502495', '2', '5');
INSERT INTO dicta VALUES('20347807', '3', '4');
INSERT INTO dicta VALUES('18367980', '3', '4');
INSERT INTO dicta VALUES('21374866', '4', '4');
INSERT INTO dicta VALUES('21374866', '4', '1');
INSERT INTO dicta VALUES('19962421', '4', '1');
INSERT INTO dicta VALUES('21647254', '5', '2');
INSERT INTO dicta VALUES('20418837', '5', '2');
INSERT INTO dicta VALUES('19969613', '5', '2');
INSERT INTO dicta VALUES('21362416', '6', '5');
INSERT INTO dicta VALUES('19278714', '7', '2');
INSERT INTO dicta VALUES('20701550', '7', '2');
INSERT INTO dicta VALUES('21318299', '8', '1');
INSERT INTO dicta VALUES('19575495', '8', '1');
INSERT INTO dicta VALUES('18066409', '8', '1');
INSERT INTO dicta VALUES('19734957', '8', '1');
INSERT INTO dicta VALUES('19654747', '8', '1');
INSERT INTO dicta VALUES('19194425', '9', '3');
INSERT INTO dicta VALUES('21055968', '10', '3');
INSERT INTO dicta VALUES('21195641', '10', '3');
INSERT INTO dicta VALUES('19390296', '10', '3');
INSERT INTO dicta VALUES('18239519', '11', '3');
INSERT INTO dicta VALUES('18478528', '11', '3');
INSERT INTO dicta VALUES('21277368', '11', '3');
INSERT INTO dicta VALUES('21903102', '11', '3');
INSERT INTO dicta VALUES('20164759', '11', '3');
INSERT INTO dicta VALUES('19269698', '11', '3');
INSERT INTO dicta VALUES('21136738', '12', '5');
INSERT INTO dicta VALUES('21136738', '12', '2');
INSERT INTO dicta VALUES('21136738', '12', '3');
INSERT INTO dicta VALUES('18379935', '12', '5');
INSERT INTO dicta VALUES('21627616', '12', '3');
INSERT INTO dicta VALUES('21166851', '13', '3');
INSERT INTO dicta VALUES('21754025', '13', '3');
INSERT INTO dicta VALUES('20367730', '13', '2');
INSERT INTO dicta VALUES('19095306', '14', '2');
INSERT INTO dicta VALUES('19772442', '15', '4');
INSERT INTO dicta VALUES('20807215', '15', '4');
INSERT INTO dicta VALUES('18179407', '15', '4');
INSERT INTO dicta VALUES('18220725', '16', '1');
INSERT INTO dicta VALUES('18800270', '17', '1');
INSERT INTO dicta VALUES('19035421', '18', '2');
INSERT INTO dicta VALUES('19035421', '18', '5');
INSERT INTO dicta VALUES('18368019', '18', '5');
INSERT INTO dicta VALUES('18776829', '18', '5');
INSERT INTO dicta VALUES('18752320', '19', '2');
INSERT INTO dicta VALUES('21334847', '19', '2');
INSERT INTO dicta VALUES('19113204', '20', '4');
INSERT INTO dicta VALUES('18546130', '20', '4');
INSERT INTO dicta VALUES('18352689', '20', '4');
INSERT INTO dicta VALUES('21936597', '21', '5');
INSERT INTO dicta VALUES('19462528', '21', '5');
INSERT INTO dicta VALUES('18219542', '21', '5');

INSERT INTO pedidoinsatisfecho VALUES('8425335833', '1989-03-20', '2');
INSERT INTO pedidoinsatisfecho VALUES('9509681806', '1989-07-31', '1');
INSERT INTO pedidoinsatisfecho VALUES('8425335833', '1989-08-22', '2');
INSERT INTO pedidoinsatisfecho VALUES('8478886192', '1989-09-23', '2');
INSERT INTO pedidoinsatisfecho VALUES('950511754X', '1990-10-21', '3');
INSERT INTO pedidoinsatisfecho VALUES('950511754X', '1990-12-18', '4');
INSERT INTO pedidoinsatisfecho VALUES('950511754X', '1990-12-23', '2');
INSERT INTO pedidoinsatisfecho VALUES('9500423618', '1991-10-06', '1');
INSERT INTO pedidoinsatisfecho VALUES('9501522121', '1992-01-19', '1');
INSERT INTO pedidoinsatisfecho VALUES('8448132149', '1993-05-28', '2');
INSERT INTO pedidoinsatisfecho VALUES('9871081006', '1993-07-16', '2');
INSERT INTO pedidoinsatisfecho VALUES('8448132149', '1993-08-06', '2');
INSERT INTO pedidoinsatisfecho VALUES('8448132149', '1993-08-08', '1');
INSERT INTO pedidoinsatisfecho VALUES('9505470665', '1993-08-30', '1');
INSERT INTO pedidoinsatisfecho VALUES('8448132149', '1993-09-13', '1');
INSERT INTO pedidoinsatisfecho VALUES('9879789245', '1993-11-11', '2');
INSERT INTO pedidoinsatisfecho VALUES('9580464065', '1995-01-17', '1');
INSERT INTO pedidoinsatisfecho VALUES('9684444222', '1995-04-10', '1');
INSERT INTO pedidoinsatisfecho VALUES('8448120558', '1995-10-17', '1');
INSERT INTO pedidoinsatisfecho VALUES('8448120558', '1996-09-17', '1');
INSERT INTO pedidoinsatisfecho VALUES('9504909248', '1997-09-20', '2');
INSERT INTO pedidoinsatisfecho VALUES('9702602033', '1997-11-15', '2');
INSERT INTO pedidoinsatisfecho VALUES('9879460197', '1997-12-08', '1');
INSERT INTO pedidoinsatisfecho VALUES('9504909248', '1998-01-01', '1');
INSERT INTO pedidoinsatisfecho VALUES('8479534451', '1998-05-13', '2');
INSERT INTO pedidoinsatisfecho VALUES('9702602033', '1998-06-25', '1');
INSERT INTO pedidoinsatisfecho VALUES('9505470649', '1998-08-13', '2');
INSERT INTO pedidoinsatisfecho VALUES('8445071777', '1998-09-12', '2');
INSERT INTO pedidoinsatisfecho VALUES('9504909248', '1998-09-13', '2');
INSERT INTO pedidoinsatisfecho VALUES('9505470649', '1998-10-11', '1');
INSERT INTO pedidoinsatisfecho VALUES('9504909248', '1998-10-15', '1');
INSERT INTO pedidoinsatisfecho VALUES('9505470649', '1998-10-18', '1');
INSERT INTO pedidoinsatisfecho VALUES('9505470649', '1998-10-20', '1');
INSERT INTO pedidoinsatisfecho VALUES('9505470649', '1998-10-21', '2');
INSERT INTO pedidoinsatisfecho VALUES('9871078064', '1998-10-29', '2');
INSERT INTO pedidoinsatisfecho VALUES('9706860436', '1998-11-02', '2');
INSERT INTO pedidoinsatisfecho VALUES('9702602033', '1998-11-05', '1');
INSERT INTO pedidoinsatisfecho VALUES('8445071777', '1998-11-11', '1');
INSERT INTO pedidoinsatisfecho VALUES('9702602033', '1999-01-17', '1');
INSERT INTO pedidoinsatisfecho VALUES('9505470649', '1999-02-17', '2');
INSERT INTO pedidoinsatisfecho VALUES('9706860436', '1999-03-23', '1');
INSERT INTO pedidoinsatisfecho VALUES('9504909248', '1999-03-24', '1');
INSERT INTO pedidoinsatisfecho VALUES('9702602033', '1999-08-10', '2');
INSERT INTO pedidoinsatisfecho VALUES('9702602033', '1999-10-06', '2');
INSERT INTO pedidoinsatisfecho VALUES('8401014808', '2000-07-21', '2');
INSERT INTO pedidoinsatisfecho VALUES('846630164X', '2000-12-22', '2');
INSERT INTO pedidoinsatisfecho VALUES('9500721872', '2001-01-10', '2');
INSERT INTO pedidoinsatisfecho VALUES('9500721872', '2001-01-11', '1');
INSERT INTO pedidoinsatisfecho VALUES('846630164X', '2001-04-16', '2');
INSERT INTO pedidoinsatisfecho VALUES('9871046014', '2001-05-19', '1');
INSERT INTO pedidoinsatisfecho VALUES('9871046014', '2001-06-01', '1');
INSERT INTO pedidoinsatisfecho VALUES('9871046014', '2001-09-16', '1');
INSERT INTO pedidoinsatisfecho VALUES('9871046014', '2001-10-02', '2');
INSERT INTO pedidoinsatisfecho VALUES('846630164X', '2001-10-23', '1');
INSERT INTO pedidoinsatisfecho VALUES('8401014794', '2002-01-30', '1');

INSERT INTO prestamo VALUES('1989-01-15', '1008', '1989-02-04', '1989-01-15', '19392803');
INSERT INTO prestamo VALUES('1988-12-17', '1011', '1989-01-08', '1989-01-15', '20367730');
INSERT INTO prestamo VALUES('1989-03-10', '1011', '1989-04-03', '1989-03-26', '19278714');
INSERT INTO prestamo VALUES('1989-04-05', '1016', '1989-04-29', '1989-04-06', '19392803');
INSERT INTO prestamo VALUES('1989-04-12', '1008', '1989-05-04', '1989-04-17', '20458250');
INSERT INTO prestamo VALUES('1989-07-11', '1011', '1989-08-03', '1989-07-25', '18895265');
INSERT INTO prestamo VALUES('1989-07-21', '1016', '1989-08-10', '1989-08-03', '19175668');
INSERT INTO prestamo VALUES('1989-07-11', '1016', '1989-08-01', '1989-08-03', '18219542');
INSERT INTO prestamo VALUES('1989-07-30', '1011', '1989-08-21', '1989-08-16', '18914274');
INSERT INTO prestamo VALUES('1989-08-18', '1011', '1989-09-11', '1989-09-11', '19113204');
INSERT INTO prestamo VALUES('1989-09-22', '1020', '1989-10-12', '1989-09-24', '18510516');
INSERT INTO prestamo VALUES('1989-09-07', '1016', '1989-09-27', '1989-10-03', '19934200');
INSERT INTO prestamo VALUES('1989-10-26', '1016', '1989-11-15', '1989-10-28', '19893637');
INSERT INTO prestamo VALUES('1989-11-16', '1011', '1989-12-07', '1989-12-17', '19934200');
INSERT INTO prestamo VALUES('1990-01-19', '1025', '1990-02-09', '1990-02-06', '21394280');
INSERT INTO prestamo VALUES('1990-02-11', '1016', '1990-03-07', '1990-03-06', '20610154');
INSERT INTO prestamo VALUES('1990-02-21', '1024', '1990-03-13', '1990-03-27', '19278714');
INSERT INTO prestamo VALUES('1990-03-17', '1020', '1990-04-10', '1990-03-30', '19562405');
INSERT INTO prestamo VALUES('1990-04-12', '1020', '1990-05-02', '1990-04-17', '20458250');
INSERT INTO prestamo VALUES('1990-03-19', '1016', '1990-04-08', '1990-04-17', '19269698');
INSERT INTO prestamo VALUES('1990-04-25', '1020', '1990-05-19', '1990-05-13', '21394280');
INSERT INTO prestamo VALUES('1990-05-15', '1024', '1990-06-05', '1990-05-21', '19893637');
INSERT INTO prestamo VALUES('1990-05-06', '1025', '1990-05-29', '1990-05-23', '19278714');
INSERT INTO prestamo VALUES('1990-06-03', '1025', '1990-06-25', '1990-06-08', '19654747');
INSERT INTO prestamo VALUES('1990-05-24', '1024', '1990-06-17', '1990-06-12', '20435241');
INSERT INTO prestamo VALUES('1990-06-09', '1025', '1990-06-30', '1990-06-23', '20010181');
INSERT INTO prestamo VALUES('1990-06-19', '1024', '1990-07-12', '1990-07-01', '20610154');
INSERT INTO prestamo VALUES('1990-06-18', '1025', '1990-07-08', '1990-07-02', '20010181');
INSERT INTO prestamo VALUES('1990-06-23', '1025', '1990-07-14', '1990-07-09', '21394280');
INSERT INTO prestamo VALUES('1990-07-04', '1024', '1990-07-25', '1990-07-13', '20211497');
INSERT INTO prestamo VALUES('1990-07-03', '1024', '1990-07-27', '1990-07-26', '19893637');
INSERT INTO prestamo VALUES('1990-09-22', '1025', '1990-10-15', '1990-09-25', '19893637');
INSERT INTO prestamo VALUES('1990-10-04', '1024', '1990-10-26', '1990-10-14', '18914274');
INSERT INTO prestamo VALUES('1990-10-16', '1033', '1990-11-08', '1990-11-10', '19095306');
INSERT INTO prestamo VALUES('1990-11-02', '1024', '1990-11-26', '1990-12-06', '20502495');
INSERT INTO prestamo VALUES('1990-12-09', '1033', '1991-01-01', '1990-12-20', '19095306');
INSERT INTO prestamo VALUES('1990-12-23', '1033', '1991-01-14', '1990-12-29', '20458250');
INSERT INTO prestamo VALUES('1991-01-18', '1036', '1991-02-11', '1991-01-23', '19269698');
INSERT INTO prestamo VALUES('1991-01-19', '1036', '1991-02-12', '1991-01-31', '18048777');
INSERT INTO prestamo VALUES('1991-04-04', '1033', '1991-04-24', '1991-04-17', '20597438');
INSERT INTO prestamo VALUES('1991-04-11', '1036', '1991-05-02', '1991-05-13', '18991114');
INSERT INTO prestamo VALUES('1991-06-02', '1039', '1991-06-26', '1991-06-08', '20565324');
INSERT INTO prestamo VALUES('1991-05-23', '1033', '1991-06-14', '1991-06-14', '19893637');
INSERT INTO prestamo VALUES('1991-09-01', '1039', '1991-09-24', '1991-09-01', '19562405');
INSERT INTO prestamo VALUES('1991-09-07', '1044', '1991-09-29', '1991-09-18', '20597438');
INSERT INTO prestamo VALUES('1991-09-12', '1044', '1991-10-06', '1991-09-21', '21472420');
INSERT INTO prestamo VALUES('1991-09-03', '1044', '1991-09-24', '1991-10-05', '21394280');
INSERT INTO prestamo VALUES('1991-09-24', '1036', '1991-10-18', '1991-10-07', '19113204');
INSERT INTO prestamo VALUES('1991-09-15', '1039', '1991-10-08', '1991-10-12', '20524660');
INSERT INTO prestamo VALUES('1992-01-05', '1044', '1992-01-29', '1992-02-03', '19269698');
INSERT INTO prestamo VALUES('1992-05-25', '1044', '1992-06-17', '1992-05-28', '20498643');
INSERT INTO prestamo VALUES('1993-02-07', '1064', '1993-02-28', '1993-02-10', '19175668');
INSERT INTO prestamo VALUES('1993-03-24', '1065', '1993-04-17', '1993-03-24', '19392803');
INSERT INTO prestamo VALUES('1993-04-28', '1064', '1993-05-21', '1993-05-19', '19278714');
INSERT INTO prestamo VALUES('1993-05-27', '1066', '1993-06-16', '1993-06-05', '20498643');
INSERT INTO prestamo VALUES('1993-05-08', '1065', '1993-05-29', '1993-06-05', '18048777');
INSERT INTO prestamo VALUES('1993-05-15', '1065', '1993-06-06', '1993-06-08', '19251129');
INSERT INTO prestamo VALUES('1993-06-18', '1064', '1993-07-12', '1993-07-09', '19654747');
INSERT INTO prestamo VALUES('1993-06-26', '1064', '1993-07-18', '1993-07-28', '20435241');
INSERT INTO prestamo VALUES('1993-07-20', '1066', '1993-08-09', '1993-08-14', '19251129');
INSERT INTO prestamo VALUES('1993-08-06', '1065', '1993-08-30', '1993-08-30', '19392803');
INSERT INTO prestamo VALUES('1993-08-18', '1068', '1993-09-07', '1993-09-09', '19269698');
INSERT INTO prestamo VALUES('1993-08-30', '1065', '1993-09-19', '1993-09-11', '20458250');
INSERT INTO prestamo VALUES('1993-09-11', '1066', '1993-10-04', '1993-09-15', '20498643');
INSERT INTO prestamo VALUES('1993-08-17', '1065', '1993-09-06', '1993-09-17', '19269698');
INSERT INTO prestamo VALUES('1993-10-29', '1065', '1993-11-21', '1993-11-02', '19654747');
INSERT INTO prestamo VALUES('1993-11-11', '1064', '1993-12-02', '1993-12-04', '19278714');
INSERT INTO prestamo VALUES('1993-12-22', '1066', '1994-01-13', '1994-01-25', '18776829');
INSERT INTO prestamo VALUES('1994-01-30', '1068', '1994-02-20', '1994-02-18', '18776829');
INSERT INTO prestamo VALUES('1995-01-17', '1081', '1995-02-08', '1995-01-19', '20367730');
INSERT INTO prestamo VALUES('1995-02-01', '1081', '1995-02-25', '1995-02-26', '19392803');
INSERT INTO prestamo VALUES('1995-03-11', '1081', '1995-04-03', '1995-03-31', '19113204');
INSERT INTO prestamo VALUES('1995-03-30', '1089', '1995-04-22', '1995-04-13', '20431243');
INSERT INTO prestamo VALUES('1995-04-16', '1081', '1995-05-09', '1995-04-20', '21315612');
INSERT INTO prestamo VALUES('1995-05-02', '1081', '1995-05-23', '1995-05-13', '19562405');
INSERT INTO prestamo VALUES('1995-04-12', '1081', '1995-05-04', '1995-05-15', '19893637');
INSERT INTO prestamo VALUES('1995-06-09', '1089', '1995-07-03', '1995-06-24', '19269698');
INSERT INTO prestamo VALUES('1995-07-12', '1089', '1995-08-01', '1995-08-02', '20565324');
INSERT INTO prestamo VALUES('1995-10-06', '1089', '1995-10-27', '1995-10-09', '20597438');
INSERT INTO prestamo VALUES('1995-10-07', '1096', '1995-10-28', '1995-10-26', '19269698');
INSERT INTO prestamo VALUES('1995-11-28', '1089', '1995-12-21', '1995-12-08', '19962421');
INSERT INTO prestamo VALUES('1995-11-30', '1096', '1995-12-22', '1996-01-03', '19562405');
INSERT INTO prestamo VALUES('1995-12-15', '1096', '1996-01-08', '1996-01-05', '18219542');
INSERT INTO prestamo VALUES('1996-01-31', '1096', '1996-02-22', '1996-02-18', '20418837');
INSERT INTO prestamo VALUES('1996-02-03', '1096', '1996-02-27', '1996-03-05', '20458250');
INSERT INTO prestamo VALUES('1996-04-26', '1096', '1996-05-17', '1996-05-06', '18776829');
INSERT INTO prestamo VALUES('1996-09-12', '1096', '1996-10-03', '1996-09-28', '18048777');
INSERT INTO prestamo VALUES('1996-11-24', '1107', '1996-12-18', '1996-12-26', '21315612');
INSERT INTO prestamo VALUES('1996-12-29', '1107', '1997-01-22', '1997-01-23', '18895265');
INSERT INTO prestamo VALUES('1997-01-30', '1107', '1997-02-20', '1997-02-26', '18776829');
INSERT INTO prestamo VALUES('1997-02-14', '1107', '1997-03-08', '1997-03-06', '20431243');
INSERT INTO prestamo VALUES('1997-07-27', '1107', '1997-08-20', '1997-08-22', '18991114');
INSERT INTO prestamo VALUES('1997-09-18', '1107', '1997-10-10', '1997-10-14', '21472420');
INSERT INTO prestamo VALUES('1998-01-23', '1118', '1998-02-14', '1998-02-14', '20502495');
INSERT INTO prestamo VALUES('1998-02-23', '1123', '1998-03-15', '1998-03-07', '19893637');
INSERT INTO prestamo VALUES('1998-03-07', '1118', '1998-03-29', '1998-04-01', '19962421');
INSERT INTO prestamo VALUES('1998-03-28', '1118', '1998-04-18', '1998-04-02', '19562405');
INSERT INTO prestamo VALUES('1998-04-10', '1123', '1998-05-02', '1998-05-13', '19095306');
INSERT INTO prestamo VALUES('1998-04-26', '1118', '1998-05-18', '1998-05-17', '20418837');
INSERT INTO prestamo VALUES('1998-04-30', '1123', '1998-05-20', '1998-05-17', '19934200');
INSERT INTO prestamo VALUES('1998-05-03', '1117', '1998-05-26', '1998-05-22', '19175668');
INSERT INTO prestamo VALUES('1998-05-22', '1117', '1998-06-13', '1998-05-30', '19934200');
INSERT INTO prestamo VALUES('1998-06-16', '1123', '1998-07-10', '1998-06-28', '19113204');
INSERT INTO prestamo VALUES('1998-07-02', '1118', '1998-07-24', '1998-07-29', '20211497');
INSERT INTO prestamo VALUES('1998-08-06', '1128', '1998-08-28', '1998-08-23', '21472420');
INSERT INTO prestamo VALUES('1998-09-03', '1123', '1998-09-25', '1998-09-23', '20610154');
INSERT INTO prestamo VALUES('1998-09-21', '1130', '1998-10-15', '1998-10-13', '20597438');
INSERT INTO prestamo VALUES('1998-10-02', '1128', '1998-10-23', '1998-10-27', '19392803');
INSERT INTO prestamo VALUES('1998-10-29', '1130', '1998-11-21', '1998-10-31', '20418837');
INSERT INTO prestamo VALUES('1998-11-07', '1128', '1998-11-30', '1998-11-07', '20418837');
INSERT INTO prestamo VALUES('1998-11-10', '1128', '1998-12-02', '1998-11-14', '20597438');
INSERT INTO prestamo VALUES('1998-10-23', '1123', '1998-11-14', '1998-11-26', '20498643');
INSERT INTO prestamo VALUES('1998-12-13', '1130', '1999-01-06', '1998-12-28', '20610154');
INSERT INTO prestamo VALUES('1998-12-18', '1128', '1999-01-11', '1999-01-06', '20498643');
INSERT INTO prestamo VALUES('1998-12-21', '1128', '1999-01-12', '1999-01-15', '20010181');
INSERT INTO prestamo VALUES('1999-01-08', '1128', '1999-02-01', '1999-01-20', '20502495');
INSERT INTO prestamo VALUES('1999-01-25', '1128', '1999-02-16', '1999-01-28', '20524660');
INSERT INTO prestamo VALUES('1999-02-10', '1128', '1999-03-03', '1999-02-23', '19095306');
INSERT INTO prestamo VALUES('1999-06-18', '1128', '1999-07-12', '1999-06-18', '20435241');
INSERT INTO prestamo VALUES('2000-01-07', '1136', '2000-01-30', '2000-02-10', '19113204');
INSERT INTO prestamo VALUES('2000-01-24', '1136', '2000-02-16', '2000-02-16', '20502495');
INSERT INTO prestamo VALUES('2000-04-16', '1136', '2000-05-09', '2000-05-01', '21472420');
INSERT INTO prestamo VALUES('2000-04-26', '1140', '2000-05-18', '2000-05-29', '20005682');
INSERT INTO prestamo VALUES('2000-06-04', '1136', '2000-06-25', '2000-06-30', '20211497');
INSERT INTO prestamo VALUES('2000-07-12', '1136', '2000-08-04', '2000-07-23', '19934200');
INSERT INTO prestamo VALUES('2000-10-18', '1140', '2000-11-07', '2000-11-19', '21315612');
INSERT INTO prestamo VALUES('2000-12-03', '1140', '2000-12-26', '2000-12-26', '21394280');
INSERT INTO prestamo VALUES('2000-12-14', '1147', '2001-01-05', '2000-12-26', '18914274');
INSERT INTO prestamo VALUES('2000-12-27', '1143', '2001-01-20', '2001-01-06', '18510516');
INSERT INTO prestamo VALUES('2000-12-25', '1140', '2001-01-17', '2001-01-22', '19251129');
INSERT INTO prestamo VALUES('2001-01-25', '1143', '2001-02-18', '2001-02-06', '19175668');
INSERT INTO prestamo VALUES('2001-01-10', '1140', '2001-02-01', '2001-02-11', '20610154');
INSERT INTO prestamo VALUES('2001-02-09', '1147', '2001-03-04', '2001-02-22', '21315612');
INSERT INTO prestamo VALUES('2001-01-27', '1147', '2001-02-18', '2001-03-02', '19654747');
INSERT INTO prestamo VALUES('2001-02-23', '1140', '2001-03-18', '2001-03-15', '20211497');
INSERT INTO prestamo VALUES('2001-03-24', '1147', '2001-04-17', '2001-04-19', '21472420');
INSERT INTO prestamo VALUES('2001-05-08', '1147', '2001-05-30', '2001-05-11', '21394280');
INSERT INTO prestamo VALUES('2001-04-12', '1143', '2001-05-04', '2001-05-13', '20211497');
INSERT INTO prestamo VALUES('2001-05-14', '1147', '2001-06-04', '2001-05-22', '19934200');
INSERT INTO prestamo VALUES('2001-05-02', '1143', '2001-05-23', '2001-05-24', '19934200');
INSERT INTO prestamo VALUES('2001-04-26', '1145', '2001-05-18', '2001-05-28', '20010181');
INSERT INTO prestamo VALUES('2001-06-01', '1143', '2001-06-21', '2001-06-11', '19269698');
INSERT INTO prestamo VALUES('2001-05-14', '1143', '2001-06-03', '2001-06-15', '21472420');
INSERT INTO prestamo VALUES('2001-07-27', '1143', '2001-08-19', '2001-08-02', '20418837');
INSERT INTO prestamo VALUES('2001-07-31', '1147', '2001-08-24', '2001-08-12', '21472420');
INSERT INTO prestamo VALUES('2001-08-19', '1145', '2001-09-09', '2001-08-19', '20211497');
INSERT INTO prestamo VALUES('2001-09-12', '1143', '2001-10-05', '2001-09-20', '19562405');
INSERT INTO prestamo VALUES('2001-09-30', '1143', '2001-10-20', '2001-10-14', '20565324');
INSERT INTO prestamo VALUES('2001-10-20', '1147', '2001-11-10', '2001-10-24', '18914274');
INSERT INTO prestamo VALUES('2001-09-23', '1148', '2001-10-15', NULL, '21472420');
INSERT INTO prestamo VALUES('1993-02-03', '1060', '1993-02-25', NULL, '19893637');
INSERT INTO prestamo VALUES('1992-06-16', '1052', '1992-07-08', NULL, '19962421');
INSERT INTO prestamo VALUES('1993-11-11', '1069', '1993-12-03', NULL, '19654747');
INSERT INTO prestamo VALUES('1993-05-14', '1061', '1993-06-05', NULL, '20418837');
INSERT INTO prestamo VALUES('1992-04-01', '1047', '1992-04-23', NULL, '19962421');
INSERT INTO prestamo VALUES('1991-03-27', '1035', '1991-04-19', NULL, '20367730');
INSERT INTO prestamo VALUES('1991-01-07', '1032', '1991-01-31', NULL, '19962421');
INSERT INTO prestamo VALUES('1991-07-31', '1043', '1991-08-20', NULL, '19278714');
INSERT INTO prestamo VALUES('1991-05-06', '1037', '1991-05-28', NULL, '18776829');
INSERT INTO prestamo VALUES('1998-01-21', '1115', '1998-02-13', NULL, '19113204');
INSERT INTO prestamo VALUES('1997-11-11', '1116', '1997-12-01', NULL, '20498643');
INSERT INTO prestamo VALUES('2000-11-04', '1141', '2000-11-24', NULL, '18219542');
INSERT INTO prestamo VALUES('1998-06-11', '1121', '1998-07-02', NULL, '20524660');
INSERT INTO prestamo VALUES('1997-07-20', '1119', '1997-08-12', NULL, '19934200');
INSERT INTO prestamo VALUES('1995-10-09', '1087', '1995-10-30', NULL, '18219542');
INSERT INTO prestamo VALUES('1995-05-15', '1091', '1995-06-06', NULL, '21318299');
INSERT INTO prestamo VALUES('1997-06-22', '1108', '1997-07-14', NULL, '20431243');
INSERT INTO prestamo VALUES('1997-02-22', '1110', '1997-03-18', NULL, '20610154');
INSERT INTO prestamo VALUES('1987-09-14', '1001', '1987-10-08', NULL, '19113204');
INSERT INTO prestamo VALUES('1989-12-13', '1015', '1990-01-02', NULL, '20367730');

INSERT INTO proyecto VALUES('1', 'Proyecto 1', '1');
INSERT INTO proyecto VALUES('2', 'Proyecto 2', '2');
INSERT INTO proyecto VALUES('3', 'Proyecto 3', '3');
INSERT INTO proyecto VALUES('4', 'Proyecto 4', '1');
INSERT INTO proyecto VALUES('5', 'Proyecto 5', '1');
INSERT INTO proyecto VALUES('6', 'Proyecto 6', '2');
INSERT INTO proyecto VALUES('7', 'Proyecto 7', '3');
INSERT INTO proyecto VALUES('8', 'Proyecto 8', '2');
INSERT INTO proyecto VALUES('9', 'Proyecto 9', '2');
INSERT INTO proyecto VALUES('10', 'Proyecto 10', '3');
INSERT INTO proyecto VALUES('11', 'Proyecto 11', '3');
INSERT INTO proyecto VALUES('12', 'Proyecto 12', '1');

INSERT INTO alumno VALUES('18048777', '3155', '2002-04-01');
INSERT INTO alumno VALUES('18075980', '3120', '2002-04-01');
INSERT INTO alumno VALUES('18139245', '1608', '2000-04-01');
INSERT INTO alumno VALUES('18166195', '1027', '2000-04-01');
INSERT INTO alumno VALUES('18182572', '1799', '2000-04-01');
INSERT INTO alumno VALUES('18493031', '1370', '2000-04-01');
INSERT INTO alumno VALUES('18510516', '3463', '2002-04-01');
INSERT INTO alumno VALUES('18667921', '3137', '2002-04-01');
INSERT INTO alumno VALUES('18739897', '1623', '2000-04-01');
INSERT INTO alumno VALUES('18776829', '1977', '2000-04-01');
INSERT INTO alumno VALUES('18851946', '1272', '2000-04-01');
INSERT INTO alumno VALUES('18914274', '2147', '2000-04-01');
INSERT INTO alumno VALUES('18926999', '2274', '2000-04-01');
INSERT INTO alumno VALUES('18973699', '2382', '2000-04-01');
INSERT INTO alumno VALUES('18980863', '1392', '2000-04-01');
INSERT INTO alumno VALUES('18991114', '3924', '2002-04-01');
INSERT INTO alumno VALUES('19113204', '2594', '2001-04-01');
INSERT INTO alumno VALUES('19136722', '1258', '2000-04-01');
INSERT INTO alumno VALUES('19143870', '2808', '2001-04-01');
INSERT INTO alumno VALUES('19175668', '2225', '2000-04-01');
INSERT INTO alumno VALUES('19181879', '3232', '2002-04-01');
INSERT INTO alumno VALUES('19251129', '3090', '2002-04-01');
INSERT INTO alumno VALUES('19262771', '2994', '2002-04-01');
INSERT INTO alumno VALUES('19269698', '3693', '2002-04-01');
INSERT INTO alumno VALUES('19311677', '2581', '2000-04-01');
INSERT INTO alumno VALUES('19317978', '1720', '2000-04-01');
INSERT INTO alumno VALUES('19382206', '2342', '2000-04-01');
INSERT INTO alumno VALUES('19392803', '3663', '2002-04-01');
INSERT INTO alumno VALUES('19400606', '2315', '2000-04-01');
INSERT INTO alumno VALUES('19404461', '2035', '2000-04-01');
INSERT INTO alumno VALUES('19491085', '2848', '2001-04-01');
INSERT INTO alumno VALUES('19554611', '3029', '2002-04-01');
INSERT INTO alumno VALUES('19562405', '3678', '2002-04-01');
INSERT INTO alumno VALUES('19588337', '1864', '2000-04-01');
INSERT INTO alumno VALUES('19655400', '2214', '2000-04-01');
INSERT INTO alumno VALUES('19660761', '2659', '2001-04-01');
INSERT INTO alumno VALUES('19686179', '3840', '2002-04-01');
INSERT INTO alumno VALUES('19769004', '1563', '2000-04-01');
INSERT INTO alumno VALUES('19796739', '2854', '2001-04-01');
INSERT INTO alumno VALUES('19848003', '3753', '2002-04-01');
INSERT INTO alumno VALUES('19893637', '3302', '2002-04-01');
INSERT INTO alumno VALUES('19934200', '1650', '2000-04-01');
INSERT INTO alumno VALUES('19961070', '2214', '2000-04-01');
INSERT INTO alumno VALUES('19971977', '1945', '2000-04-01');
INSERT INTO alumno VALUES('20005682', '3319', '2002-04-01');
INSERT INTO alumno VALUES('20007670', '1483', '2000-04-01');
INSERT INTO alumno VALUES('20010181', '3978', '2002-04-01');
INSERT INTO alumno VALUES('20103075', '1256', '2000-04-01');
INSERT INTO alumno VALUES('20122336', '2798', '2001-04-01');
INSERT INTO alumno VALUES('20144181', '2661', '2001-04-01');
INSERT INTO alumno VALUES('20198111', '2812', '2001-04-01');
INSERT INTO alumno VALUES('20211497', '1794', '2000-04-01');
INSERT INTO alumno VALUES('20221291', '3985', '2002-04-01');
INSERT INTO alumno VALUES('20316070', '2475', '2000-04-01');
INSERT INTO alumno VALUES('20415437', '2441', '2000-04-01');
INSERT INTO alumno VALUES('20435241', '3887', '2002-04-01');
INSERT INTO alumno VALUES('20458250', '2495', '2000-04-01');
INSERT INTO alumno VALUES('20498643', '2054', '2000-04-01');
INSERT INTO alumno VALUES('20502495', '3912', '2002-04-01');
INSERT INTO alumno VALUES('20506007', '3612', '2002-04-01');
INSERT INTO alumno VALUES('20524660', '2064', '2000-04-01');
INSERT INTO alumno VALUES('20538783', '3018', '2002-04-01');
INSERT INTO alumno VALUES('20565324', '3070', '2002-04-01');
INSERT INTO alumno VALUES('20597438', '2596', '2001-04-01');
INSERT INTO alumno VALUES('20610154', '1156', '2000-04-01');
INSERT INTO alumno VALUES('20746638', '2883', '2001-04-01');
INSERT INTO alumno VALUES('20783988', '1614', '2000-04-01');
INSERT INTO alumno VALUES('20810040', '3032', '2002-04-01');
INSERT INTO alumno VALUES('20841018', '1645', '2000-04-01');
INSERT INTO alumno VALUES('20952267', '3940', '2002-04-01');
INSERT INTO alumno VALUES('21055968', '2720', '2001-04-01');
INSERT INTO alumno VALUES('21056015', '1757', '2000-04-01');
INSERT INTO alumno VALUES('21081485', '1776', '2000-04-01');
INSERT INTO alumno VALUES('21315612', '3363', '2002-04-01');
INSERT INTO alumno VALUES('21338371', '3196', '2002-04-01');
INSERT INTO alumno VALUES('21394280', '3959', '2002-04-01');
INSERT INTO alumno VALUES('21401273', '2195', '2000-04-01');
INSERT INTO alumno VALUES('21443474', '2024', '2000-04-01');
INSERT INTO alumno VALUES('21454858', '3068', '2002-04-01');
INSERT INTO alumno VALUES('21472420', '1800', '2000-04-01');
INSERT INTO alumno VALUES('21481975', '2110', '2000-04-01');
INSERT INTO alumno VALUES('21613262', '3813', '2002-04-01');
INSERT INTO alumno VALUES('21641289', '3977', '2002-04-01');
INSERT INTO alumno VALUES('21647249', '1044', '2000-04-01');
INSERT INTO alumno VALUES('21703821', '2935', '2001-04-01');
INSERT INTO alumno VALUES('21825110', '3389', '2002-04-01');
INSERT INTO alumno VALUES('21860832', '1698', '2000-04-01');
INSERT INTO alumno VALUES('21903102', '1717', '2000-04-01');
INSERT INTO alumno VALUES('21989853', '3953', '2002-04-01');
INSERT INTO alumno VALUES('21994638', '3459', '2002-04-01');

INSERT INTO cursa VALUES('20810040', '1');
INSERT INTO cursa VALUES('20435241', '1');
INSERT INTO cursa VALUES('18914274', '1');
INSERT INTO cursa VALUES('19113204', '1');
INSERT INTO cursa VALUES('21315612', '1');
INSERT INTO cursa VALUES('21989853', '1');
INSERT INTO cursa VALUES('19588337', '1');
INSERT INTO cursa VALUES('18182572', '2');
INSERT INTO cursa VALUES('19769004', '2');
INSERT INTO cursa VALUES('19404461', '2');
INSERT INTO cursa VALUES('18980863', '2');
INSERT INTO cursa VALUES('19400606', '2');
INSERT INTO cursa VALUES('19317978', '2');
INSERT INTO cursa VALUES('18776829', '2');
INSERT INTO cursa VALUES('18510516', '2');
INSERT INTO cursa VALUES('18991114', '2');
INSERT INTO cursa VALUES('19971977', '2');
INSERT INTO cursa VALUES('18851946', '2');
INSERT INTO cursa VALUES('18973699', '2');
INSERT INTO cursa VALUES('20458250', '2');
INSERT INTO cursa VALUES('19848003', '2');
INSERT INTO cursa VALUES('20005682', '2');
INSERT INTO cursa VALUES('21055968', '2');
INSERT INTO cursa VALUES('21454858', '2');
INSERT INTO cursa VALUES('20610154', '2');
INSERT INTO cursa VALUES('21994638', '2');
INSERT INTO cursa VALUES('19961070', '2');
INSERT INTO cursa VALUES('19934200', '2');
INSERT INTO cursa VALUES('21647249', '2');
INSERT INTO cursa VALUES('20010181', '2');
INSERT INTO cursa VALUES('19269698', '3');
INSERT INTO cursa VALUES('21994638', '3');
INSERT INTO cursa VALUES('19113204', '3');
INSERT INTO cursa VALUES('18973699', '3');
INSERT INTO cursa VALUES('18980863', '3');
INSERT INTO cursa VALUES('19392803', '3');
INSERT INTO cursa VALUES('19400606', '3');
INSERT INTO cursa VALUES('19181879', '3');
INSERT INTO cursa VALUES('19796739', '3');
INSERT INTO cursa VALUES('19143870', '3');
INSERT INTO cursa VALUES('19262771', '3');
INSERT INTO cursa VALUES('20841018', '3');
INSERT INTO cursa VALUES('20198111', '3');
INSERT INTO cursa VALUES('18510516', '3');
INSERT INTO cursa VALUES('18166195', '3');
INSERT INTO cursa VALUES('19136722', '4');
INSERT INTO cursa VALUES('19175668', '4');
INSERT INTO cursa VALUES('18851946', '4');
INSERT INTO cursa VALUES('20144181', '4');
INSERT INTO cursa VALUES('19848003', '4');
INSERT INTO cursa VALUES('19769004', '4');
INSERT INTO cursa VALUES('21056015', '4');
INSERT INTO cursa VALUES('19554611', '4');
INSERT INTO cursa VALUES('19251129', '4');
INSERT INTO cursa VALUES('18493031', '4');
INSERT INTO cursa VALUES('19143870', '4');
INSERT INTO cursa VALUES('20524660', '4');
INSERT INTO cursa VALUES('18182572', '4');
INSERT INTO cursa VALUES('19317978', '4');
INSERT INTO cursa VALUES('19269698', '4');
INSERT INTO cursa VALUES('21825110', '4');
INSERT INTO cursa VALUES('19971977', '4');
INSERT INTO cursa VALUES('19181879', '4');
INSERT INTO cursa VALUES('20122336', '4');
INSERT INTO cursa VALUES('21454858', '4');
INSERT INTO cursa VALUES('18075980', '4');
INSERT INTO cursa VALUES('18048777', '4');
INSERT INTO cursa VALUES('21989853', '4');
INSERT INTO cursa VALUES('20211497', '4');
INSERT INTO cursa VALUES('20597438', '4');
INSERT INTO cursa VALUES('20502495', '4');
INSERT INTO cursa VALUES('21825110', '5');
INSERT INTO cursa VALUES('21994638', '5');
INSERT INTO cursa VALUES('18991114', '5');
INSERT INTO cursa VALUES('19848003', '5');
INSERT INTO cursa VALUES('19382206', '5');
INSERT INTO cursa VALUES('18075980', '5');
INSERT INTO cursa VALUES('18139245', '5');
INSERT INTO cursa VALUES('19392803', '5');
INSERT INTO cursa VALUES('21055968', '5');
INSERT INTO cursa VALUES('19971977', '5');
INSERT INTO cursa VALUES('19562405', '5');
INSERT INTO cursa VALUES('18851946', '5');
INSERT INTO cursa VALUES('18510516', '5');
INSERT INTO cursa VALUES('20538783', '6');
INSERT INTO cursa VALUES('21315612', '6');
INSERT INTO cursa VALUES('18926999', '6');
INSERT INTO cursa VALUES('18667921', '6');
INSERT INTO cursa VALUES('21703821', '6');
INSERT INTO cursa VALUES('18973699', '6');
INSERT INTO cursa VALUES('19143870', '6');
INSERT INTO cursa VALUES('19491085', '6');
INSERT INTO cursa VALUES('19562405', '6');
INSERT INTO cursa VALUES('20198111', '6');
INSERT INTO cursa VALUES('19400606', '6');
INSERT INTO cursa VALUES('20810040', '6');
INSERT INTO cursa VALUES('19175668', '6');
INSERT INTO cursa VALUES('19181879', '6');
INSERT INTO cursa VALUES('18048777', '6');
INSERT INTO cursa VALUES('21338371', '6');
INSERT INTO cursa VALUES('21454858', '6');
INSERT INTO cursa VALUES('18493031', '6');
INSERT INTO cursa VALUES('20498643', '6');
INSERT INTO cursa VALUES('18139245', '6');
INSERT INTO cursa VALUES('19262771', '6');
INSERT INTO cursa VALUES('21443474', '7');
INSERT INTO cursa VALUES('19269698', '7');
INSERT INTO cursa VALUES('18851946', '7');
INSERT INTO cursa VALUES('18914274', '7');
INSERT INTO cursa VALUES('18739897', '7');
INSERT INTO cursa VALUES('19143870', '7');
INSERT INTO cursa VALUES('21055968', '7');
INSERT INTO cursa VALUES('19262771', '7');
INSERT INTO cursa VALUES('19113204', '7');
INSERT INTO cursa VALUES('19660761', '7');
INSERT INTO cursa VALUES('21481975', '7');
INSERT INTO cursa VALUES('20435241', '7');
INSERT INTO cursa VALUES('20746638', '8');
INSERT INTO cursa VALUES('18926999', '8');
INSERT INTO cursa VALUES('18980863', '8');
INSERT INTO cursa VALUES('19404461', '8');
INSERT INTO cursa VALUES('18182572', '8');
INSERT INTO cursa VALUES('21472420', '8');
INSERT INTO cursa VALUES('18075980', '8');
INSERT INTO cursa VALUES('18048777', '8');
INSERT INTO cursa VALUES('19175668', '8');
INSERT INTO cursa VALUES('19382206', '8');
INSERT INTO cursa VALUES('21443474', '8');
INSERT INTO cursa VALUES('19311677', '8');
INSERT INTO cursa VALUES('20506007', '8');
INSERT INTO cursa VALUES('19317978', '8');
INSERT INTO cursa VALUES('20211497', '8');
INSERT INTO cursa VALUES('18139245', '8');
INSERT INTO cursa VALUES('19175668', '9');
INSERT INTO cursa VALUES('20007670', '9');
INSERT INTO cursa VALUES('20221291', '9');
INSERT INTO cursa VALUES('19136722', '9');
INSERT INTO cursa VALUES('20103075', '9');
INSERT INTO cursa VALUES('20746638', '9');
INSERT INTO cursa VALUES('20597438', '9');
INSERT INTO cursa VALUES('18166195', '9');
INSERT INTO cursa VALUES('18075980', '9');
INSERT INTO cursa VALUES('18739897', '9');
INSERT INTO cursa VALUES('20538783', '9');
INSERT INTO cursa VALUES('19113204', '9');
INSERT INTO cursa VALUES('21394280', '9');
INSERT INTO cursa VALUES('18139245', '9');
INSERT INTO cursa VALUES('19251129', '9');
INSERT INTO cursa VALUES('19660761', '9');
INSERT INTO cursa VALUES('21472420', '9');
INSERT INTO cursa VALUES('20841018', '9');
INSERT INTO cursa VALUES('21056015', '9');
INSERT INTO cursa VALUES('21860832', '9');
INSERT INTO cursa VALUES('21613262', '9');
INSERT INTO cursa VALUES('18991114', '9');
INSERT INTO cursa VALUES('21641289', '10');
INSERT INTO cursa VALUES('20415437', '10');
INSERT INTO cursa VALUES('18493031', '10');
INSERT INTO cursa VALUES('20502495', '10');
INSERT INTO cursa VALUES('18739897', '10');
INSERT INTO cursa VALUES('21481975', '10');
INSERT INTO cursa VALUES('18667921', '10');
INSERT INTO cursa VALUES('18776829', '10');
INSERT INTO cursa VALUES('18182572', '10');
INSERT INTO cursa VALUES('19400606', '10');
INSERT INTO cursa VALUES('19404461', '10');
INSERT INTO cursa VALUES('21613262', '10');
INSERT INTO cursa VALUES('19175668', '10');
INSERT INTO cursa VALUES('19655400', '10');
INSERT INTO cursa VALUES('18075980', '10');
INSERT INTO cursa VALUES('19143870', '10');
INSERT INTO cursa VALUES('19686179', '10');
INSERT INTO cursa VALUES('19269698', '10');
INSERT INTO cursa VALUES('20565324', '11');
INSERT INTO cursa VALUES('19143870', '11');
INSERT INTO cursa VALUES('19251129', '11');
INSERT INTO cursa VALUES('19181879', '11');
INSERT INTO cursa VALUES('19175668', '11');
INSERT INTO cursa VALUES('19686179', '11');
INSERT INTO cursa VALUES('20316070', '11');
INSERT INTO cursa VALUES('19392803', '11');
INSERT INTO cursa VALUES('21481975', '11');
INSERT INTO cursa VALUES('18667921', '11');
INSERT INTO cursa VALUES('19311677', '11');
INSERT INTO cursa VALUES('20458250', '11');
INSERT INTO cursa VALUES('19893637', '11');
INSERT INTO cursa VALUES('21081485', '11');
INSERT INTO cursa VALUES('18776829', '11');
INSERT INTO cursa VALUES('20783988', '11');
INSERT INTO cursa VALUES('18914274', '11');
INSERT INTO cursa VALUES('20415437', '11');
INSERT INTO cursa VALUES('19769004', '12');
INSERT INTO cursa VALUES('21401273', '12');
INSERT INTO cursa VALUES('18182572', '12');
INSERT INTO cursa VALUES('18926999', '12');
INSERT INTO cursa VALUES('21641289', '12');
INSERT INTO cursa VALUES('19136722', '12');
INSERT INTO cursa VALUES('18667921', '12');
INSERT INTO cursa VALUES('20538783', '12');
INSERT INTO cursa VALUES('20221291', '12');
INSERT INTO cursa VALUES('19588337', '12');
INSERT INTO cursa VALUES('19382206', '12');
INSERT INTO cursa VALUES('19961070', '12');
INSERT INTO cursa VALUES('18166195', '12');
INSERT INTO cursa VALUES('21443474', '12');
INSERT INTO cursa VALUES('18776829', '12');
INSERT INTO cursa VALUES('20610154', '12');
INSERT INTO cursa VALUES('20010181', '13');
INSERT INTO cursa VALUES('19262771', '13');
INSERT INTO cursa VALUES('20952267', '13');
INSERT INTO cursa VALUES('18980863', '13');
INSERT INTO cursa VALUES('20221291', '13');
INSERT INTO cursa VALUES('21081485', '13');
INSERT INTO cursa VALUES('21401273', '13');
INSERT INTO cursa VALUES('20506007', '13');
INSERT INTO cursa VALUES('21338371', '13');
INSERT INTO cursa VALUES('20007670', '13');
INSERT INTO cursa VALUES('20415437', '13');
INSERT INTO cursa VALUES('19893637', '13');
INSERT INTO cursa VALUES('18739897', '13');
INSERT INTO cursa VALUES('20597438', '13');
INSERT INTO cursa VALUES('18991114', '13');
INSERT INTO cursa VALUES('18166195', '13');
INSERT INTO cursa VALUES('19181879', '13');
INSERT INTO cursa VALUES('18048777', '13');
INSERT INTO cursa VALUES('18926999', '13');
INSERT INTO cursa VALUES('19251129', '13');
INSERT INTO cursa VALUES('18973699', '14');
INSERT INTO cursa VALUES('20211497', '14');
INSERT INTO cursa VALUES('18510516', '14');
INSERT INTO cursa VALUES('21860832', '14');
INSERT INTO cursa VALUES('20952267', '14');
INSERT INTO cursa VALUES('21394280', '14');
INSERT INTO cursa VALUES('21081485', '14');
INSERT INTO cursa VALUES('19796739', '14');
INSERT INTO cursa VALUES('18980863', '14');
INSERT INTO cursa VALUES('21401273', '14');
INSERT INTO cursa VALUES('19317978', '14');
INSERT INTO cursa VALUES('19269698', '14');
INSERT INTO cursa VALUES('18926999', '14');
INSERT INTO cursa VALUES('19588337', '14');
INSERT INTO cursa VALUES('18739897', '15');
INSERT INTO cursa VALUES('18926999', '15');
INSERT INTO cursa VALUES('21641289', '15');
INSERT INTO cursa VALUES('18991114', '15');
INSERT INTO cursa VALUES('18166195', '15');
INSERT INTO cursa VALUES('19136722', '15');
INSERT INTO cursa VALUES('18048777', '15');
INSERT INTO cursa VALUES('20783988', '15');
INSERT INTO cursa VALUES('18776829', '15');
INSERT INTO cursa VALUES('18510516', '15');
INSERT INTO cursa VALUES('19262771', '15');
INSERT INTO cursa VALUES('20007670', '15');
INSERT INTO cursa VALUES('19392803', '15');
INSERT INTO cursa VALUES('18973699', '15');
INSERT INTO cursa VALUES('19655400', '15');
INSERT INTO cursa VALUES('20122336', '16');
INSERT INTO cursa VALUES('19181879', '16');
INSERT INTO cursa VALUES('19491085', '16');
INSERT INTO cursa VALUES('21903102', '16');
INSERT INTO cursa VALUES('18851946', '16');
INSERT INTO cursa VALUES('18667921', '16');
INSERT INTO cursa VALUES('20103075', '16');
INSERT INTO cursa VALUES('19893637', '16');
INSERT INTO cursa VALUES('20524660', '16');
INSERT INTO cursa VALUES('20565324', '16');
INSERT INTO cursa VALUES('21056015', '16');
INSERT INTO cursa VALUES('18914274', '16');
INSERT INTO cursa VALUES('19251129', '16');
INSERT INTO cursa VALUES('19400606', '16');
INSERT INTO cursa VALUES('20005682', '16');
INSERT INTO cursa VALUES('19311677', '16');
INSERT INTO cursa VALUES('18493031', '16');
INSERT INTO cursa VALUES('18139245', '16');
INSERT INTO cursa VALUES('18048777', '16');
INSERT INTO cursa VALUES('18980863', '16');
INSERT INTO cursa VALUES('18667921', '17');
INSERT INTO cursa VALUES('19181879', '17');
INSERT INTO cursa VALUES('20010181', '17');
INSERT INTO cursa VALUES('19136722', '17');
INSERT INTO cursa VALUES('19686179', '17');
INSERT INTO cursa VALUES('19251129', '17');
INSERT INTO cursa VALUES('20502495', '17');
INSERT INTO cursa VALUES('19269698', '17');
INSERT INTO cursa VALUES('19491085', '17');
INSERT INTO cursa VALUES('18980863', '17');
INSERT INTO cursa VALUES('20435241', '17');
INSERT INTO cursa VALUES('21472420', '17');
INSERT INTO cursa VALUES('19554611', '17');
INSERT INTO cursa VALUES('21903102', '17');
INSERT INTO cursa VALUES('18166195', '17');
INSERT INTO cursa VALUES('18139245', '17');
INSERT INTO cursa VALUES('20610154', '17');
INSERT INTO cursa VALUES('20316070', '18');
INSERT INTO cursa VALUES('18973699', '18');
INSERT INTO cursa VALUES('18510516', '18');
INSERT INTO cursa VALUES('19382206', '18');
INSERT INTO cursa VALUES('19311677', '18');
INSERT INTO cursa VALUES('21647249', '18');
INSERT INTO cursa VALUES('20810040', '18');
INSERT INTO cursa VALUES('19113204', '18');
INSERT INTO cursa VALUES('18139245', '18');
INSERT INTO cursa VALUES('20103075', '18');
INSERT INTO cursa VALUES('20498643', '18');
INSERT INTO cursa VALUES('19655400', '18');
INSERT INTO cursa VALUES('19262771', '18');
INSERT INTO cursa VALUES('20198111', '18');
INSERT INTO cursa VALUES('18914274', '19');
INSERT INTO cursa VALUES('18075980', '19');
INSERT INTO cursa VALUES('21647249', '19');
INSERT INTO cursa VALUES('18048777', '19');
INSERT INTO cursa VALUES('19392803', '19');
INSERT INTO cursa VALUES('19562405', '19');
INSERT INTO cursa VALUES('21315612', '19');
INSERT INTO cursa VALUES('18166195', '19');
INSERT INTO cursa VALUES('20458250', '19');
INSERT INTO cursa VALUES('20122336', '19');
INSERT INTO cursa VALUES('19796739', '19');
INSERT INTO cursa VALUES('19251129', '19');
INSERT INTO cursa VALUES('21703821', '19');
INSERT INTO cursa VALUES('18776829', '19');
INSERT INTO cursa VALUES('19934200', '19');
INSERT INTO cursa VALUES('21825110', '19');
INSERT INTO cursa VALUES('20524660', '19');
INSERT INTO cursa VALUES('18851946', '19');
INSERT INTO cursa VALUES('21860832', '19');
INSERT INTO cursa VALUES('19262771', '19');
INSERT INTO cursa VALUES('20005682', '20');
INSERT INTO cursa VALUES('21703821', '20');
INSERT INTO cursa VALUES('20144181', '20');
INSERT INTO cursa VALUES('19113204', '20');
INSERT INTO cursa VALUES('21903102', '20');
INSERT INTO cursa VALUES('21613262', '20');
INSERT INTO cursa VALUES('19554611', '20');
INSERT INTO cursa VALUES('18739897', '20');
INSERT INTO cursa VALUES('18493031', '20');
INSERT INTO cursa VALUES('21338371', '20');
INSERT INTO cursa VALUES('20506007', '20');
INSERT INTO cursa VALUES('20841018', '20');
INSERT INTO cursa VALUES('18776829', '21');
INSERT INTO cursa VALUES('20316070', '21');
INSERT INTO cursa VALUES('20746638', '21');
INSERT INTO cursa VALUES('19961070', '21');
INSERT INTO cursa VALUES('19934200', '21');
INSERT INTO cursa VALUES('20783988', '21');
INSERT INTO cursa VALUES('18991114', '21');

INSERT INTO participa VALUES('18549553', '12');
INSERT INTO participa VALUES('18895265', '5');
INSERT INTO participa VALUES('19316130', '3');
INSERT INTO participa VALUES('19349824', '4');
INSERT INTO participa VALUES('19868424', '2');
INSERT INTO participa VALUES('19962421', '3');
INSERT INTO participa VALUES('20005682', '6');
INSERT INTO participa VALUES('20418837', '11');
INSERT INTO participa VALUES('20431243', '2');
INSERT INTO participa VALUES('20676660', '7');
INSERT INTO participa VALUES('20787017', '5');
INSERT INTO participa VALUES('20823924', '9');
INSERT INTO participa VALUES('21038702', '4');
INSERT INTO participa VALUES('21055968', '3');
INSERT INTO participa VALUES('21318299', '8');
INSERT INTO participa VALUES('21323660', '1');
INSERT INTO participa VALUES('21631039', '1');
INSERT INTO participa VALUES('21731567', '10');
INSERT INTO participa VALUES('21903102', '2');

GRANT ALL ON  "autor"  TO PUBLIC ;
GRANT ALL ON  "carrera"  TO PUBLIC ;
GRANT ALL ON  "categoria"  TO PUBLIC ;
GRANT ALL ON  "editorial"  TO PUBLIC ;
GRANT ALL ON  "libro"  TO PUBLIC ;
GRANT ALL ON  "categorialibro"  TO PUBLIC ;
GRANT ALL ON  "departamento"  TO PUBLIC ;
GRANT ALL ON  "localidad"  TO PUBLIC ;
GRANT ALL ON  "usuario"  TO PUBLIC ;
GRANT ALL ON  "docente"  TO PUBLIC ;
GRANT ALL ON  "materia"  TO PUBLIC ;
GRANT ALL ON  "dicta"  TO PUBLIC ;
GRANT ALL ON  "ejemplar"  TO PUBLIC ;
GRANT ALL ON  "escritopor"  TO PUBLIC ;
GRANT ALL ON  "investigador"  TO PUBLIC ;
GRANT ALL ON  "participa"  TO PUBLIC ;
GRANT ALL ON  "pedidoinsatisfecho"  TO PUBLIC ;
GRANT ALL ON  "prestamo"  TO PUBLIC ;
GRANT ALL ON  "proyecto"  TO PUBLIC ;
GRANT ALL ON  "alumno"  TO PUBLIC ;
GRANT ALL ON  "cursa"  TO PUBLIC ;

commit;