begin work;
set constraints all deferred;

CREATE TABLE "circuito" (
"idcircuito" serial primary key,
"nombrecirc" varchar unique
);

CREATE TABLE "escuela" (
"idesc" serial primary key,
"nombreescuela" varchar unique,
"direccion" varchar,
"idcircuito" integer not null,
constraint FK_circ foreign key("idcircuito") references "circuito"("idcircuito")
);

CREATE TABLE "mesa" (
"nromesa" varchar(4),
"idesc" integer not null,
constraint FK_M_esc foreign key ("idesc") references "escuela"("idesc"),
constraint PK_mesa primary key ("nromesa")
);

CREATE TABLE "partido" (
"nrop" smallint,
"nombrep" varchar not null,
constraint PK_partido primary key ("nrop")
);

CREATE TABLE "votosxmesa" (
"nromesa" varchar(4),
"blancos" smallint,
"nulos" smallint,
"recurridos" smallint,
"impugnados" smallint,
constraint PK_votosxmesa primary key ("nromesa"),
constraint FK_votos_mesa foreign key ("nromesa") references "mesa"("nromesa")
);


CREATE TABLE "votosmesapartido" (
"nromesa" varchar(4),
"nropartido" smallint,
"votospartido" smallint NOT NULL DEFAULT 0,
constraint PK_votosmesapartido primary key ("nromesa","nropartido"),
constraint FK_votos_mesa_ foreign key ("nromesa") references "mesa"("nromesa"),
Constraint FK_votos_mesa_partido foreign key ("nropartido") references "partido"("nrop")
);






INSERT INTO "circuito"("nombrecirc") VALUES ('CIUDAD NORTE'),('CIUDAD SUD'),('SUBURBIO SUR'),('SUBURBIO NORTE'),('COLONIA PERFECCION'),('SANTA CANDIDA');


INSERT INTO "escuela"("nombreescuela","idcircuito") VALUES ('VIAMONTE',1),('92 TUCUMAN',1),('AVELLANEDA',1),('COLEGIO DEL URUGUAY',1);
INSERT INTO "escuela"("nombreescuela","idcircuito") VALUES ('ESCUELA NORMAL',2),('SANTIAGO DEL ESTERO',2);
INSERT INTO "escuela"("nombreescuela","idcircuito") VALUES ('URQUIZA',3),('4 B.T. MARTINEZ',3),('U.T.N.',3);
INSERT INTO "escuela"("nombreescuela","idcircuito") VALUES ('M. BELGRANO',5);
INSERT INTO "escuela"("nombreescuela","idcircuito") VALUES ('5 T. DE ROCAMORA',6);
INSERT INTO "escuela"("nombreescuela","idcircuito") VALUES ('75 DON BOSCO',3),('110 VICTORICA',3),('88 BUENOS AIRES',3),('36 ECHEVERRIA',3);


INSERT INTO "partido"("nrop","nombrep") VALUES (38,'MST'),(50,'PS'),(51,'PPR'),(167,'PAUF'),(174,'VIVA ER'),(501,'PJ'),(503,'FTE. SOCIAL COM.'),(504,'ACUERDO CIV. SOCIAL'),(505,'FTE. PROP DIS'),(506,'PRO');


INSERT INTO "mesa" ("nromesa","idesc") VALUES ('F697',1),('F698',1),('F699',1),('F700',1),('F701',1),('F702',1);
INSERT INTO "mesa" ("nromesa","idesc") VALUES ('M660',1),('M661',1),('M662',1),('M663',1),('F664',1);
INSERT INTO "mesa" ("nromesa","idesc") VALUES ('F703',2),('F704',2),('F705',2),('F706',2),('F707',2),('F708',2);
INSERT INTO "mesa" ("nromesa","idesc") VALUES ('M665',2),('M666',2),('M667',2),('M668',2),('F669',2);
INSERT INTO "mesa" ("nromesa","idesc") VALUES ('F709',3),('F710',3),('F711',3),('F712',3),('F713',3);
INSERT INTO "mesa" ("nromesa","idesc") VALUES ('M670',3),('M671',3),('M672',3),('M673',3),('M674',3),('M675',3);
INSERT INTO "mesa" ("nromesa","idesc") VALUES ('F714',4),('F715',4),('F716',4),('F717',4),('F718',4);
INSERT INTO "mesa" ("nromesa","idesc") VALUES ('M676',4),('M677',4),('M678',4),('M679',4);
INSERT INTO "mesa" ("nromesa","idesc") VALUES ('F719',5),('F720',5),('F721',5),('F722',5),('F723',5),('F724',5),('F725',5),('F726',5);
INSERT INTO "mesa" ("nromesa","idesc") VALUES ('M680',5),('M681',5),('M682',5),('M683',5),('M684',5),('M685',5),('M686',5),('M687',5);
INSERT INTO "mesa" ("nromesa","idesc") VALUES ('F727',6),('F728',6),('F729',6),('F730',6),('F731',6);
INSERT INTO "mesa" ("nromesa","idesc") VALUES ('M688',6),('M689',6),('M690',6),('M691',6);
INSERT INTO "mesa" ("nromesa","idesc") VALUES ('F732',7),('F733',7),('F734',7),('F735',7);
INSERT INTO "mesa" ("nromesa","idesc") VALUES ('M692',7),('M693',7),('M694',7),('M695',7);
INSERT INTO "mesa" ("nromesa","idesc") VALUES ('F736',8),('F737',8),('F738',8),('F739',8),('F740',8);
INSERT INTO "mesa" ("nromesa","idesc") VALUES ('M696',8),('M697',8),('M698',8),('M699',8);
INSERT INTO "mesa" ("nromesa","idesc") VALUES ('F741',9),('F742',9),('F743',9);
INSERT INTO "mesa" ("nromesa","idesc") VALUES ('M700',9),('M701',9),('M702',9),('M703',9);
INSERT INTO "mesa" ("nromesa","idesc") VALUES ('F744',10),('F745',10);
INSERT INTO "mesa" ("nromesa","idesc") VALUES ('M704',10);
--,('F745',10);
INSERT INTO "mesa" ("nromesa","idesc") VALUES ('F746',11);
INSERT INTO "mesa" ("nromesa","idesc") VALUES ('M706',11);
INSERT INTO "mesa" ("nromesa","idesc") VALUES ('F747',12),('F748',12),('F749',12),('F750',12),('F751',12),('F752',12);
INSERT INTO "mesa" ("nromesa","idesc") VALUES ('M707',12),('M708',12),('M709',12),('M710',12),('M711',12),('M712',12);
INSERT INTO "mesa" ("nromesa","idesc") VALUES ('F753',13),('F754',13),('F755',13),('F756',13);
INSERT INTO "mesa" ("nromesa","idesc") VALUES ('M713',13),('M714',13),('M715',13),('M716',13),('M717',13),('M718',13);
INSERT INTO "mesa" ("nromesa","idesc") VALUES ('F757',14),('F758',14),('F759',14),('F760',14),('F761',14),('F762',14),('F763',14),('F764',14);
INSERT INTO "mesa" ("nromesa","idesc") VALUES ('M719',14),('M720',14),('M721',14),('M722',14),('M723',14),('M724',14),('M725',14);
INSERT INTO "mesa" ("nromesa","idesc") VALUES ('F765',15),('F766',15),('F767',15),('F768',15),('F769',15);
INSERT INTO "mesa" ("nromesa","idesc") VALUES ('M726',15),('M727',15),('M728',15),('M729',15);


INSERT INTO "votosxmesa" ("nromesa","blancos","nulos","recurridos","impugnados") VALUES('F697',8,7,0,0);                
INSERT INTO "votosxmesa" ("nromesa","blancos","nulos","recurridos","impugnados") VALUES('F698',3,8,0,0);
INSERT INTO "votosxmesa" ("nromesa","blancos","nulos","recurridos","impugnados") VALUES('F699',9,0,0,0);
INSERT INTO "votosxmesa" ("nromesa","blancos","nulos","recurridos","impugnados") VALUES('F700',4,5,0,0);
INSERT INTO "votosxmesa" ("nromesa","blancos","nulos","recurridos","impugnados") VALUES('F701',4,12,0,0);
INSERT INTO "votosxmesa" ("nromesa","blancos","nulos","recurridos","impugnados") VALUES('F702',0,5,0,0);
INSERT INTO "votosxmesa" ("nromesa","blancos","nulos","recurridos","impugnados") VALUES('M660',5,5,0,0);
INSERT INTO "votosxmesa" ("nromesa","blancos","nulos","recurridos","impugnados") VALUES('M661',3,6,0,0);
INSERT INTO "votosxmesa" ("nromesa","blancos","nulos","recurridos","impugnados") VALUES('M662',3,4,0,0);
INSERT INTO "votosxmesa" ("nromesa","blancos","nulos","recurridos","impugnados") VALUES('M663',0,0,0,0);
INSERT INTO "votosxmesa" ("nromesa","blancos","nulos","recurridos","impugnados") VALUES('F705',5,6,0,0);
INSERT INTO "votosxmesa" ("nromesa","blancos","nulos","recurridos","impugnados") VALUES('F706',5,8,0,0);
INSERT INTO "votosxmesa" ("nromesa","blancos","nulos","recurridos","impugnados") VALUES('F707',5,9,0,0);
INSERT INTO "votosxmesa" ("nromesa","blancos","nulos","recurridos","impugnados") VALUES('M667',6,7,0,0);
INSERT INTO "votosxmesa" ("nromesa","blancos","nulos","recurridos","impugnados") VALUES('F669',7,12,0,0);
INSERT INTO "votosxmesa" ("nromesa","blancos","nulos","recurridos","impugnados") VALUES('F709',0,7,0,0);
INSERT INTO "votosxmesa" ("nromesa","blancos","nulos","recurridos","impugnados") VALUES('F710',1,11,0,0);
INSERT INTO "votosxmesa" ("nromesa","blancos","nulos","recurridos","impugnados") VALUES('F711',2,7,0,0);
INSERT INTO "votosxmesa" ("nromesa","blancos","nulos","recurridos","impugnados") VALUES('F712',3,16,0,0);
INSERT INTO "votosxmesa" ("nromesa","blancos","nulos","recurridos","impugnados") VALUES('F713',4,15,0,0);
INSERT INTO "votosxmesa" ("nromesa","blancos","nulos","recurridos","impugnados") VALUES('M670',5,10,0,0);
INSERT INTO "votosxmesa" ("nromesa","blancos","nulos","recurridos","impugnados") VALUES('M671',2,7,1,0);
INSERT INTO "votosxmesa" ("nromesa","blancos","nulos","recurridos","impugnados") VALUES('M672',2,10,0,0);
INSERT INTO "votosxmesa" ("nromesa","blancos","nulos","recurridos","impugnados") VALUES('M673',5,6,0,0);
INSERT INTO "votosxmesa" ("nromesa","blancos","nulos","recurridos","impugnados") VALUES('M674',3,2,0,0);
INSERT INTO "votosxmesa" ("nromesa","blancos","nulos","recurridos","impugnados") VALUES('M675',8,8,0,0);
INSERT INTO "votosxmesa" ("nromesa","blancos","nulos","recurridos","impugnados") VALUES('F714',3,13,0,0);
INSERT INTO "votosxmesa" ("nromesa","blancos","nulos","recurridos","impugnados") VALUES('F715',3,6,0,0);
INSERT INTO "votosxmesa" ("nromesa","blancos","nulos","recurridos","impugnados") VALUES('F716',6,9,0,0);
INSERT INTO "votosxmesa" ("nromesa","blancos","nulos","recurridos","impugnados") VALUES('F717',4,12,0,0);
INSERT INTO "votosxmesa" ("nromesa","blancos","nulos","recurridos","impugnados") VALUES('F718',2,4,1,0);
INSERT INTO "votosxmesa" ("nromesa","blancos","nulos","recurridos","impugnados") VALUES('M676',6,16,1,0);
INSERT INTO "votosxmesa" ("nromesa","blancos","nulos","recurridos","impugnados") VALUES('M677',3,5,0,0);
INSERT INTO "votosxmesa" ("nromesa","blancos","nulos","recurridos","impugnados") VALUES('M678',0,0,0,0);
INSERT INTO "votosxmesa" ("nromesa","blancos","nulos","recurridos","impugnados") VALUES('M679',0,10,0,0);
INSERT INTO "votosxmesa" ("nromesa","blancos","nulos","recurridos","impugnados") VALUES('F719',1,8,0,0);
INSERT INTO "votosxmesa" ("nromesa","blancos","nulos","recurridos","impugnados") VALUES('F720',3,4,0,0);
INSERT INTO "votosxmesa" ("nromesa","blancos","nulos","recurridos","impugnados") VALUES('F721',4,10,0,0);
INSERT INTO "votosxmesa" ("nromesa","blancos","nulos","recurridos","impugnados") VALUES('F722',0,0,0,0);
INSERT INTO "votosxmesa" ("nromesa","blancos","nulos","recurridos","impugnados") VALUES('F723',3,9,0,0);
INSERT INTO "votosxmesa" ("nromesa","blancos","nulos","recurridos","impugnados") VALUES('F724',3,13,0,0);
INSERT INTO "votosxmesa" ("nromesa","blancos","nulos","recurridos","impugnados") VALUES('F725',5,12,0,0);
INSERT INTO "votosxmesa" ("nromesa","blancos","nulos","recurridos","impugnados") VALUES('F726',0,12,0,0);
INSERT INTO "votosxmesa" ("nromesa","blancos","nulos","recurridos","impugnados") VALUES('M680',5,9,0,0);
INSERT INTO "votosxmesa" ("nromesa","blancos","nulos","recurridos","impugnados") VALUES('M681',4,13,0,0);
INSERT INTO "votosxmesa" ("nromesa","blancos","nulos","recurridos","impugnados") VALUES('M682',6,9,0,0);
INSERT INTO "votosxmesa" ("nromesa","blancos","nulos","recurridos","impugnados") VALUES('M684',4,9,1,0);
INSERT INTO "votosxmesa" ("nromesa","blancos","nulos","recurridos","impugnados") VALUES('M685',3,8,0,0);
INSERT INTO "votosxmesa" ("nromesa","blancos","nulos","recurridos","impugnados") VALUES('M686',4,10,0,0);
INSERT INTO "votosxmesa" ("nromesa","blancos","nulos","recurridos","impugnados") VALUES('M687',3,13,0,0);
INSERT INTO "votosxmesa" ("nromesa","blancos","nulos","recurridos","impugnados") VALUES('F727',3,11,0,0);
INSERT INTO "votosxmesa" ("nromesa","blancos","nulos","recurridos","impugnados") VALUES('F728',4,9,0,0);
INSERT INTO "votosxmesa" ("nromesa","blancos","nulos","recurridos","impugnados") VALUES('F729',10,10,0,0);
INSERT INTO "votosxmesa" ("nromesa","blancos","nulos","recurridos","impugnados") VALUES('F730',3,2,0,0);
INSERT INTO "votosxmesa" ("nromesa","blancos","nulos","recurridos","impugnados") VALUES('F731',4,2,0,0);
INSERT INTO "votosxmesa" ("nromesa","blancos","nulos","recurridos","impugnados") VALUES('M688',7,14,0,0);
INSERT INTO "votosxmesa" ("nromesa","blancos","nulos","recurridos","impugnados") VALUES('M689',7,10,0,0);
INSERT INTO "votosxmesa" ("nromesa","blancos","nulos","recurridos","impugnados") VALUES('M690',10,6,0,0);
INSERT INTO "votosxmesa" ("nromesa","blancos","nulos","recurridos","impugnados") VALUES('M691',1,10,3,0);
INSERT INTO "votosxmesa" ("nromesa","blancos","nulos","recurridos","impugnados") VALUES('F732',2,13,0,0);
INSERT INTO "votosxmesa" ("nromesa","blancos","nulos","recurridos","impugnados") VALUES('F733',3,8,0,0);
INSERT INTO "votosxmesa" ("nromesa","blancos","nulos","recurridos","impugnados") VALUES('F734',6,10,0,0);
INSERT INTO "votosxmesa" ("nromesa","blancos","nulos","recurridos","impugnados") VALUES('F735',5,7,0,0);
INSERT INTO "votosxmesa" ("nromesa","blancos","nulos","recurridos","impugnados") VALUES('M692',0,8,0,0);
INSERT INTO "votosxmesa" ("nromesa","blancos","nulos","recurridos","impugnados") VALUES('M693',6,12,0,0);
INSERT INTO "votosxmesa" ("nromesa","blancos","nulos","recurridos","impugnados") VALUES('M694',7,10,0,0);
INSERT INTO "votosxmesa" ("nromesa","blancos","nulos","recurridos","impugnados") VALUES('M695',8,15,0,0);
INSERT INTO "votosxmesa" ("nromesa","blancos","nulos","recurridos","impugnados") VALUES('F736',5,8,0,0);
INSERT INTO "votosxmesa" ("nromesa","blancos","nulos","recurridos","impugnados") VALUES('F737',8,8,0,0);
INSERT INTO "votosxmesa" ("nromesa","blancos","nulos","recurridos","impugnados") VALUES('F738',5,8,0,0);
INSERT INTO "votosxmesa" ("nromesa","blancos","nulos","recurridos","impugnados") VALUES('F739',2,7,0,0);
INSERT INTO "votosxmesa" ("nromesa","blancos","nulos","recurridos","impugnados") VALUES('F740',2,13,1,0);
INSERT INTO "votosxmesa" ("nromesa","blancos","nulos","recurridos","impugnados") VALUES('M696',9,7,0,0);
INSERT INTO "votosxmesa" ("nromesa","blancos","nulos","recurridos","impugnados") VALUES('M697',4,9,0,0);
INSERT INTO "votosxmesa" ("nromesa","blancos","nulos","recurridos","impugnados") VALUES('M698',7,11,0,0);
INSERT INTO "votosxmesa" ("nromesa","blancos","nulos","recurridos","impugnados") VALUES('M699',6,6,0,0);
INSERT INTO "votosxmesa" ("nromesa","blancos","nulos","recurridos","impugnados") VALUES('F741',2,15,0,0);
INSERT INTO "votosxmesa" ("nromesa","blancos","nulos","recurridos","impugnados") VALUES('F742',3,8,0,0);
INSERT INTO "votosxmesa" ("nromesa","blancos","nulos","recurridos","impugnados") VALUES('F743',4,10,0,0);
INSERT INTO "votosxmesa" ("nromesa","blancos","nulos","recurridos","impugnados") VALUES('M700',6,9,0,0);
INSERT INTO "votosxmesa" ("nromesa","blancos","nulos","recurridos","impugnados") VALUES('M701',3,14,0,0);
INSERT INTO "votosxmesa" ("nromesa","blancos","nulos","recurridos","impugnados") VALUES('M703',5,8,0,0);
INSERT INTO "votosxmesa" ("nromesa","blancos","nulos","recurridos","impugnados") VALUES('M702',5,8,0,0);
INSERT INTO "votosxmesa" ("nromesa","blancos","nulos","recurridos","impugnados") VALUES('F744',4,3,0,0);
INSERT INTO "votosxmesa" ("nromesa","blancos","nulos","recurridos","impugnados") VALUES('F745',9,0,0,0);
INSERT INTO "votosxmesa" ("nromesa","blancos","nulos","recurridos","impugnados") VALUES('M704',5,11,0,0);
INSERT INTO "votosxmesa" ("nromesa","blancos","nulos","recurridos","impugnados") VALUES('F705',6,3,0,0);
INSERT INTO "votosxmesa" ("nromesa","blancos","nulos","recurridos","impugnados") VALUES('F746',2,1,0,0);
INSERT INTO "votosxmesa" ("nromesa","blancos","nulos","recurridos","impugnados") VALUES('M706',6,1,0,0);
INSERT INTO "votosxmesa" ("nromesa","blancos","nulos","recurridos","impugnados") VALUES('F747',6,6,0,0);
INSERT INTO "votosxmesa" ("nromesa","blancos","nulos","recurridos","impugnados") VALUES('F748',4,6,1,0);
INSERT INTO "votosxmesa" ("nromesa","blancos","nulos","recurridos","impugnados") VALUES('F749',8,5,0,0);
INSERT INTO "votosxmesa" ("nromesa","blancos","nulos","recurridos","impugnados") VALUES('F750',5,15,0,0);
INSERT INTO "votosxmesa" ("nromesa","blancos","nulos","recurridos","impugnados") VALUES('F751',3,5,0,0);
INSERT INTO "votosxmesa" ("nromesa","blancos","nulos","recurridos","impugnados") VALUES('F752',2,12,0,0);
INSERT INTO "votosxmesa" ("nromesa","blancos","nulos","recurridos","impugnados") VALUES('M707',6,19,0,0);
INSERT INTO "votosxmesa" ("nromesa","blancos","nulos","recurridos","impugnados") VALUES('M708',2,21,0,0);
INSERT INTO "votosxmesa" ("nromesa","blancos","nulos","recurridos","impugnados") VALUES('M709',6,9,0,0);
INSERT INTO "votosxmesa" ("nromesa","blancos","nulos","recurridos","impugnados") VALUES('M710',7,11,0,0);
INSERT INTO "votosxmesa" ("nromesa","blancos","nulos","recurridos","impugnados") VALUES('M711',6,10,0,0);
INSERT INTO "votosxmesa" ("nromesa","blancos","nulos","recurridos","impugnados") VALUES('M712',9,11,0,0);
INSERT INTO "votosxmesa" ("nromesa","blancos","nulos","recurridos","impugnados") VALUES('F753',2,3,0,0);
INSERT INTO "votosxmesa" ("nromesa","blancos","nulos","recurridos","impugnados") VALUES('F754',8,10,0,0);
INSERT INTO "votosxmesa" ("nromesa","blancos","nulos","recurridos","impugnados") VALUES('F755',6,10,0,0);
INSERT INTO "votosxmesa" ("nromesa","blancos","nulos","recurridos","impugnados") VALUES('F756',6,9,4,0);
INSERT INTO "votosxmesa" ("nromesa","blancos","nulos","recurridos","impugnados") VALUES('M713',7,14,0,0);
INSERT INTO "votosxmesa" ("nromesa","blancos","nulos","recurridos","impugnados") VALUES('M714',13,0,1,0);
INSERT INTO "votosxmesa" ("nromesa","blancos","nulos","recurridos","impugnados") VALUES('M715',10,12,0,0);
INSERT INTO "votosxmesa" ("nromesa","blancos","nulos","recurridos","impugnados") VALUES('M716',3,8,0,0);
INSERT INTO "votosxmesa" ("nromesa","blancos","nulos","recurridos","impugnados") VALUES('M717',5,10,0,0);
INSERT INTO "votosxmesa" ("nromesa","blancos","nulos","recurridos","impugnados") VALUES('M718',6,13,0,0);
INSERT INTO "votosxmesa" ("nromesa","blancos","nulos","recurridos","impugnados") VALUES('F757',7,14,5,0);
INSERT INTO "votosxmesa" ("nromesa","blancos","nulos","recurridos","impugnados") VALUES('F758',4,10,0,0);
INSERT INTO "votosxmesa" ("nromesa","blancos","nulos","recurridos","impugnados") VALUES('F759',3,15,0,0);
INSERT INTO "votosxmesa" ("nromesa","blancos","nulos","recurridos","impugnados") VALUES('F760',3,8,0,0);
INSERT INTO "votosxmesa" ("nromesa","blancos","nulos","recurridos","impugnados") VALUES('F761',6,5,0,0);
INSERT INTO "votosxmesa" ("nromesa","blancos","nulos","recurridos","impugnados") VALUES('F762',7,9,0,0);
INSERT INTO "votosxmesa" ("nromesa","blancos","nulos","recurridos","impugnados") VALUES('F763',6,11,0,0);
INSERT INTO "votosxmesa" ("nromesa","blancos","nulos","recurridos","impugnados") VALUES('F764',4,13,0,0);
INSERT INTO "votosxmesa" ("nromesa","blancos","nulos","recurridos","impugnados") VALUES('M719',10,6,1,0);
INSERT INTO "votosxmesa" ("nromesa","blancos","nulos","recurridos","impugnados") VALUES('M720',4,18,0,0);
INSERT INTO "votosxmesa" ("nromesa","blancos","nulos","recurridos","impugnados") VALUES('M721',9,8,0,0);
INSERT INTO "votosxmesa" ("nromesa","blancos","nulos","recurridos","impugnados") VALUES('M722',7,14,0,0);
INSERT INTO "votosxmesa" ("nromesa","blancos","nulos","recurridos","impugnados") VALUES('M723',5,16,0,0);
INSERT INTO "votosxmesa" ("nromesa","blancos","nulos","recurridos","impugnados") VALUES('M724',3,8,0,0);
INSERT INTO "votosxmesa" ("nromesa","blancos","nulos","recurridos","impugnados") VALUES('M725',7,9,0,0);
INSERT INTO "votosxmesa" ("nromesa","blancos","nulos","recurridos","impugnados") VALUES('F765',11,14,0,0);
INSERT INTO "votosxmesa" ("nromesa","blancos","nulos","recurridos","impugnados") VALUES('F766',8,12,0,0);
INSERT INTO "votosxmesa" ("nromesa","blancos","nulos","recurridos","impugnados") VALUES('F767',3,12,0,0);
INSERT INTO "votosxmesa" ("nromesa","blancos","nulos","recurridos","impugnados") VALUES('F768',7,13,1,0);
INSERT INTO "votosxmesa" ("nromesa","blancos","nulos","recurridos","impugnados") VALUES('F769',7,12,0,0);
INSERT INTO "votosxmesa" ("nromesa","blancos","nulos","recurridos","impugnados") VALUES('M726',6,8,0,0);
INSERT INTO "votosxmesa" ("nromesa","blancos","nulos","recurridos","impugnados") VALUES('M727',6,9,0,0);
INSERT INTO "votosxmesa" ("nromesa","blancos","nulos","recurridos","impugnados") VALUES('M728',3,12,0,0);
INSERT INTO "votosxmesa" ("nromesa","blancos","nulos","recurridos","impugnados") VALUES('M729',2,5,0,0);


INSERT INTO "votosmesapartido" ("nromesa","nropartido","votospartido") VALUES('F697',38,5); 
INSERT INTO "votosmesapartido" ("nromesa","nropartido","votospartido") VALUES('F697',50,23); 
INSERT INTO "votosmesapartido" ("nromesa","nropartido","votospartido") VALUES('F697',51,3);
INSERT INTO "votosmesapartido" ("nromesa","nropartido","votospartido") VALUES('F697',167,2); 
INSERT INTO "votosmesapartido" ("nromesa","nropartido","votospartido") VALUES('F697',174,6);
INSERT INTO "votosmesapartido" ("nromesa","nropartido","votospartido") VALUES('F697',501,84); 
INSERT INTO "votosmesapartido" ("nromesa","nropartido","votospartido") VALUES('F697',503,5);
INSERT INTO "votosmesapartido" ("nromesa","nropartido","votospartido") VALUES('F697',504,84); 
INSERT INTO "votosmesapartido" ("nromesa","nropartido","votospartido") VALUES('F697',505,11); 
INSERT INTO "votosmesapartido" ("nromesa","nropartido","votospartido") VALUES('F697',506,67);
INSERT INTO "votosmesapartido" ("nromesa","nropartido","votospartido") VALUES('F698',38,3); 
INSERT INTO "votosmesapartido" ("nromesa","nropartido","votospartido") VALUES('F698',50,23); 
INSERT INTO "votosmesapartido" ("nromesa","nropartido","votospartido") VALUES('F698',51,5);
INSERT INTO "votosmesapartido" ("nromesa","nropartido","votospartido") VALUES('F698',167,2); 
INSERT INTO "votosmesapartido" ("nromesa","nropartido","votospartido") VALUES('F698',174,6);
INSERT INTO "votosmesapartido" ("nromesa","nropartido","votospartido") VALUES('F698',501,98); 
INSERT INTO "votosmesapartido" ("nromesa","nropartido","votospartido") VALUES('F698',503,7);
INSERT INTO "votosmesapartido" ("nromesa","nropartido","votospartido") VALUES('F698',504,98); 
INSERT INTO "votosmesapartido" ("nromesa","nropartido","votospartido") VALUES('F698',505,4); 
INSERT INTO "votosmesapartido" ("nromesa","nropartido","votospartido") VALUES('F698',506,40);
INSERT INTO "votosmesapartido" ("nromesa","nropartido","votospartido") VALUES('F699',38,3); 
INSERT INTO "votosmesapartido" ("nromesa","nropartido","votospartido") VALUES('F699',50,23); 
INSERT INTO "votosmesapartido" ("nromesa","nropartido","votospartido") VALUES('F699',51,2); 
INSERT INTO "votosmesapartido" ("nromesa","nropartido","votospartido") VALUES('F699',167,3); 
INSERT INTO "votosmesapartido" ("nromesa","nropartido","votospartido") VALUES('F699',174,6);
INSERT INTO "votosmesapartido" ("nromesa","nropartido","votospartido") VALUES('F699',501,84); 
INSERT INTO "votosmesapartido" ("nromesa","nropartido","votospartido") VALUES('F699',503,5);
INSERT INTO "votosmesapartido" ("nromesa","nropartido","votospartido") VALUES('F699',504,99); 
INSERT INTO "votosmesapartido" ("nromesa","nropartido","votospartido") VALUES('F699',505,7); 
INSERT INTO "votosmesapartido" ("nromesa","nropartido","votospartido") VALUES('F699',506,36);
INSERT INTO "votosmesapartido" ("nromesa","nropartido","votospartido") VALUES('F700',38,3); 
INSERT INTO "votosmesapartido" ("nromesa","nropartido","votospartido") VALUES('F700',50,34); 
INSERT INTO "votosmesapartido" ("nromesa","nropartido","votospartido") VALUES('F700',51,7);
INSERT INTO "votosmesapartido" ("nromesa","nropartido","votospartido") VALUES('F700',167,2); 
INSERT INTO "votosmesapartido" ("nromesa","nropartido","votospartido") VALUES('F700',174,0),('F700',501,67); 
INSERT INTO "votosmesapartido" ("nromesa","nropartido","votospartido") VALUES('F700',503,5),('F700',504,133); 
INSERT INTO "votosmesapartido" ("nromesa","nropartido","votospartido") VALUES('F700',505,13); 
INSERT INTO "votosmesapartido" ("nromesa","nropartido","votospartido") VALUES('F700',506,33);
INSERT INTO "votosmesapartido" ("nromesa","nropartido","votospartido") VALUES('F701',38,3); 
INSERT INTO "votosmesapartido" ("nromesa","nropartido","votospartido") VALUES('F701',50,25); 
INSERT INTO "votosmesapartido" ("nromesa","nropartido","votospartido") VALUES('F701',51,4), ('F701',167,0); 
INSERT INTO "votosmesapartido" ("nromesa","nropartido","votospartido") VALUES('F701',174,2), ('F701',501,83); 
INSERT INTO "votosmesapartido" ("nromesa","nropartido","votospartido") VALUES('F701',503,5), ('F701',504,99); 
INSERT INTO "votosmesapartido" ("nromesa","nropartido","votospartido") VALUES('F701',505,8); 
--INSERT INTO "votosmesapartido" ("nromesa","nropartido","votospartido") VALUES('F700',506,47);
INSERT INTO "votosmesapartido" ("nromesa","nropartido","votospartido") VALUES('F702',38,0); 
INSERT INTO "votosmesapartido" ("nromesa","nropartido","votospartido") VALUES('F702',50,22); 
INSERT INTO "votosmesapartido" ("nromesa","nropartido","votospartido") VALUES('F702',51,6), ('F702',167,4); 
INSERT INTO "votosmesapartido" ("nromesa","nropartido","votospartido") VALUES('F702',174,7), ('F702',501,82); 
INSERT INTO "votosmesapartido" ("nromesa","nropartido","votospartido") VALUES('F702',503,8), ('F702',504,105); 
INSERT INTO "votosmesapartido" ("nromesa","nropartido","votospartido") VALUES('F702',505,8); 
INSERT INTO "votosmesapartido" ("nromesa","nropartido","votospartido") VALUES('F702',506,44);
INSERT INTO "votosmesapartido" ("nromesa","nropartido","votospartido") VALUES('M660',38,5); 
INSERT INTO "votosmesapartido" ("nromesa","nropartido","votospartido") VALUES('M660',50,24); 
INSERT INTO "votosmesapartido" ("nromesa","nropartido","votospartido") VALUES('M660',51,6), ('M660',167,6); 
INSERT INTO "votosmesapartido" ("nromesa","nropartido","votospartido") VALUES('M660',174,4), ('M660',501,98); 
INSERT INTO "votosmesapartido" ("nromesa","nropartido","votospartido") VALUES('M660',503,5), ('M660',504,89); 
INSERT INTO "votosmesapartido" ("nromesa","nropartido","votospartido") VALUES('M660',505,14); 
INSERT INTO "votosmesapartido" ("nromesa","nropartido","votospartido") VALUES('M660',506,43);
INSERT INTO "votosmesapartido" ("nromesa","nropartido","votospartido") VALUES('M661',38,5); 
INSERT INTO "votosmesapartido" ("nromesa","nropartido","votospartido") VALUES('M661',50,29); 
INSERT INTO "votosmesapartido" ("nromesa","nropartido","votospartido") VALUES('M661',51,7), ('M661',167,0); 
INSERT INTO "votosmesapartido" ("nromesa","nropartido","votospartido") VALUES('M661',174,5), ('M661',501,93); 
INSERT INTO "votosmesapartido" ("nromesa","nropartido","votospartido") VALUES('M661',503,8), ('M661',504,72); 
INSERT INTO "votosmesapartido" ("nromesa","nropartido","votospartido") VALUES('M661',505,16); 
INSERT INTO "votosmesapartido" ("nromesa","nropartido","votospartido") VALUES('M661',506,46);
INSERT INTO "votosmesapartido" ("nromesa","nropartido","votospartido") VALUES('M662',38,5); 
INSERT INTO "votosmesapartido" ("nromesa","nropartido","votospartido") VALUES('M662',50,21); 
INSERT INTO "votosmesapartido" ("nromesa","nropartido","votospartido") VALUES('M662',51,3), ('M662',167,1); 
INSERT INTO "votosmesapartido" ("nromesa","nropartido","votospartido") VALUES('M662',174,1), ('M662',501,74); 
INSERT INTO "votosmesapartido" ("nromesa","nropartido","votospartido") VALUES('M662',503,8), ('M662',504,108); 
INSERT INTO "votosmesapartido" ("nromesa","nropartido","votospartido") VALUES('M662',505,12); 
INSERT INTO "votosmesapartido" ("nromesa","nropartido","votospartido") VALUES('M662',506,50);
INSERT INTO "votosmesapartido" ("nromesa","nropartido","votospartido") VALUES('M663',38,6); 
INSERT INTO "votosmesapartido" ("nromesa","nropartido","votospartido") VALUES('M663',50,28); 
INSERT INTO "votosmesapartido" ("nromesa","nropartido","votospartido") VALUES('M663',51,5), ('M663',167,4); 
INSERT INTO "votosmesapartido" ("nromesa","nropartido","votospartido") VALUES('M663',174,5), ('M663',501,73); 
INSERT INTO "votosmesapartido" ("nromesa","nropartido","votospartido") VALUES('M663',503,6), ('M663',504,83); 
INSERT INTO "votosmesapartido" ("nromesa","nropartido","votospartido") VALUES('M663',505,11); 
INSERT INTO "votosmesapartido" ("nromesa","nropartido","votospartido") VALUES('M663',506,65);
INSERT INTO "votosmesapartido" ("nromesa","nropartido","votospartido") VALUES('F705',38,2); 
INSERT INTO "votosmesapartido" ("nromesa","nropartido","votospartido") VALUES('F705',50,30); 
INSERT INTO "votosmesapartido" ("nromesa","nropartido","votospartido") VALUES('F705',51,3), ('F705',167,2); 
INSERT INTO "votosmesapartido" ("nromesa","nropartido","votospartido") VALUES('F705',174,4), ('F705',501,60); 
INSERT INTO "votosmesapartido" ("nromesa","nropartido","votospartido") VALUES('F705',503,4), ('F705',504,96); 
INSERT INTO "votosmesapartido" ("nromesa","nropartido","votospartido") VALUES('F705',505,9); 
INSERT INTO "votosmesapartido" ("nromesa","nropartido","votospartido") VALUES('F705',506,53);
INSERT INTO "votosmesapartido" ("nromesa","nropartido","votospartido") VALUES('F706',38,7); 
INSERT INTO "votosmesapartido" ("nromesa","nropartido","votospartido") VALUES('F706',50,27); 
INSERT INTO "votosmesapartido" ("nromesa","nropartido","votospartido") VALUES('F706',51,2), ('F706',167,3); 
INSERT INTO "votosmesapartido" ("nromesa","nropartido","votospartido") VALUES('F706',174,3), ('F706',501,75); 
INSERT INTO "votosmesapartido" ("nromesa","nropartido","votospartido") VALUES('F706',503,5), ('F706',504,91); 
INSERT INTO "votosmesapartido" ("nromesa","nropartido","votospartido") VALUES('F706',505,7); 
INSERT INTO "votosmesapartido" ("nromesa","nropartido","votospartido") VALUES('F706',506,40);
INSERT INTO "votosmesapartido" ("nromesa","nropartido","votospartido") VALUES('F707',38,5); 
INSERT INTO "votosmesapartido" ("nromesa","nropartido","votospartido") VALUES('F707',50,35); 
INSERT INTO "votosmesapartido" ("nromesa","nropartido","votospartido") VALUES('F707',51,3), ('F707',167,3); 
INSERT INTO "votosmesapartido" ("nromesa","nropartido","votospartido") VALUES('F707',174,6), ('F707',501,82); 
INSERT INTO "votosmesapartido" ("nromesa","nropartido","votospartido") VALUES('F707',503,4), ('F707',504,91); 
INSERT INTO "votosmesapartido" ("nromesa","nropartido","votospartido") VALUES('F707',505,9); 
INSERT INTO "votosmesapartido" ("nromesa","nropartido","votospartido") VALUES('F707',506,45);
INSERT INTO "votosmesapartido" ("nromesa","nropartido","votospartido") VALUES('M667',38,2); 
INSERT INTO "votosmesapartido" ("nromesa","nropartido","votospartido") VALUES('M667',50,39); 
INSERT INTO "votosmesapartido" ("nromesa","nropartido","votospartido") VALUES('M667',51,3), ('M667',167,5); 
INSERT INTO "votosmesapartido" ("nromesa","nropartido","votospartido") VALUES('M667',174,5), ('M667',501,76); 
INSERT INTO "votosmesapartido" ("nromesa","nropartido","votospartido") VALUES('M667',503,5), ('M667',504,91); 
INSERT INTO "votosmesapartido" ("nromesa","nropartido","votospartido") VALUES('M667',505,14); 
INSERT INTO "votosmesapartido" ("nromesa","nropartido","votospartido") VALUES('M667',506,53);
INSERT INTO "votosmesapartido" ("nromesa","nropartido","votospartido") VALUES('F669',38,5); 
INSERT INTO "votosmesapartido" ("nromesa","nropartido","votospartido") VALUES('F669',50,26); 
INSERT INTO "votosmesapartido" ("nromesa","nropartido","votospartido") VALUES('F669',51,7), ('F669',167,1); 
INSERT INTO "votosmesapartido" ("nromesa","nropartido","votospartido") VALUES('F669',174,4), ('F669',501,97); 
INSERT INTO "votosmesapartido" ("nromesa","nropartido","votospartido") VALUES('F669',503,11), ('F669',504,80); 
INSERT INTO "votosmesapartido" ("nromesa","nropartido","votospartido") VALUES('F669',505,10); 
INSERT INTO "votosmesapartido" ("nromesa","nropartido","votospartido") VALUES('F669',506,52);
INSERT INTO "votosmesapartido" ("nromesa","nropartido","votospartido") VALUES('F709',38,7); 
INSERT INTO "votosmesapartido" ("nromesa","nropartido","votospartido") VALUES('F709',50,29); 
INSERT INTO "votosmesapartido" ("nromesa","nropartido","votospartido") VALUES('F709',51,4), ('F709',167,1); 
INSERT INTO "votosmesapartido" ("nromesa","nropartido","votospartido") VALUES('F709',174,3), ('F709',501,73); 
INSERT INTO "votosmesapartido" ("nromesa","nropartido","votospartido") VALUES('F709',503,6), ('F709',504,91); 
INSERT INTO "votosmesapartido" ("nromesa","nropartido","votospartido") VALUES('F709',505,46); 
INSERT INTO "votosmesapartido" ("nromesa","nropartido","votospartido") VALUES('F709',506,48);
INSERT INTO "votosmesapartido" ("nromesa","nropartido","votospartido") VALUES('F710',38,2); 
INSERT INTO "votosmesapartido" ("nromesa","nropartido","votospartido") VALUES('F710',50,29); 
INSERT INTO "votosmesapartido" ("nromesa","nropartido","votospartido") VALUES('F710',51,11), ('F710',167,1); 
INSERT INTO "votosmesapartido" ("nromesa","nropartido","votospartido") VALUES('F710',174,1), ('F710',501,77); 
INSERT INTO "votosmesapartido" ("nromesa","nropartido","votospartido") VALUES('F710',503,8), ('F710',504,81); 
INSERT INTO "votosmesapartido" ("nromesa","nropartido","votospartido") VALUES('F710',505,9); 
INSERT INTO "votosmesapartido" ("nromesa","nropartido","votospartido") VALUES('F710',506,49);
INSERT INTO "votosmesapartido" ("nromesa","nropartido","votospartido") VALUES('F711',38,2); 
INSERT INTO "votosmesapartido" ("nromesa","nropartido","votospartido") VALUES('F711',50,32); 
INSERT INTO "votosmesapartido" ("nromesa","nropartido","votospartido") VALUES('F711',51,7), ('F711',167,3); 
INSERT INTO "votosmesapartido" ("nromesa","nropartido","votospartido") VALUES('F711',174,5), ('F711',501,76); 
INSERT INTO "votosmesapartido" ("nromesa","nropartido","votospartido") VALUES('F711',503,4), ('F711',504,102); 
INSERT INTO "votosmesapartido" ("nromesa","nropartido","votospartido") VALUES('F711',505,14); 
INSERT INTO "votosmesapartido" ("nromesa","nropartido","votospartido") VALUES('F711',506,45);
INSERT INTO "votosmesapartido" ("nromesa","nropartido","votospartido") VALUES('F712',38,4); 
INSERT INTO "votosmesapartido" ("nromesa","nropartido","votospartido") VALUES('F712',50,27); 
INSERT INTO "votosmesapartido" ("nromesa","nropartido","votospartido") VALUES('F712',51,3), ('F712',167,3); 
INSERT INTO "votosmesapartido" ("nromesa","nropartido","votospartido") VALUES('F712',174,3), ('F712',501,94); 
INSERT INTO "votosmesapartido" ("nromesa","nropartido","votospartido") VALUES('F712',503,3), ('F712',504,77); 
INSERT INTO "votosmesapartido" ("nromesa","nropartido","votospartido") VALUES('F712',505,15); 
INSERT INTO "votosmesapartido" ("nromesa","nropartido","votospartido") VALUES('F712',506,50);
INSERT INTO "votosmesapartido" ("nromesa","nropartido","votospartido") VALUES('F713',38,5); 
INSERT INTO "votosmesapartido" ("nromesa","nropartido","votospartido") VALUES('F713',50,24); 
INSERT INTO "votosmesapartido" ("nromesa","nropartido","votospartido") VALUES('F713',51,4), ('F713',167,3); 
INSERT INTO "votosmesapartido" ("nromesa","nropartido","votospartido") VALUES('F713',174,5), ('F713',501,83); 
INSERT INTO "votosmesapartido" ("nromesa","nropartido","votospartido") VALUES('F713',503,2), ('F713',504,97); 
INSERT INTO "votosmesapartido" ("nromesa","nropartido","votospartido") VALUES('F713',505,10); 
INSERT INTO "votosmesapartido" ("nromesa","nropartido","votospartido") VALUES('F713',506,39);
INSERT INTO "votosmesapartido" ("nromesa","nropartido","votospartido") VALUES('M670',38,5); 
INSERT INTO "votosmesapartido" ("nromesa","nropartido","votospartido") VALUES('M670',50,33); 
INSERT INTO "votosmesapartido" ("nromesa","nropartido","votospartido") VALUES('M670',51,7), ('M670',167,1); 
INSERT INTO "votosmesapartido" ("nromesa","nropartido","votospartido") VALUES('M670',174,4), ('M670',501,80); 
INSERT INTO "votosmesapartido" ("nromesa","nropartido","votospartido") VALUES('M670',503,6), ('M670',504,88); 
INSERT INTO "votosmesapartido" ("nromesa","nropartido","votospartido") VALUES('M670',505,13); 
INSERT INTO "votosmesapartido" ("nromesa","nropartido","votospartido") VALUES('M670',506,51);
INSERT INTO "votosmesapartido" ("nromesa","nropartido","votospartido") VALUES('M671',38,8); 
INSERT INTO "votosmesapartido" ("nromesa","nropartido","votospartido") VALUES('M671',50,31); 
INSERT INTO "votosmesapartido" ("nromesa","nropartido","votospartido") VALUES('M671',51,5), ('M671',167,0); 
INSERT INTO "votosmesapartido" ("nromesa","nropartido","votospartido") VALUES('M671',174,3), ('M671',501,88); 
INSERT INTO "votosmesapartido" ("nromesa","nropartido","votospartido") VALUES('M671',503,7), ('M671',504,65); 
INSERT INTO "votosmesapartido" ("nromesa","nropartido","votospartido") VALUES('M671',505,8); 
INSERT INTO "votosmesapartido" ("nromesa","nropartido","votospartido") VALUES('M671',506,50);
INSERT INTO "votosmesapartido" ("nromesa","nropartido","votospartido") VALUES('M672',38,10); 
INSERT INTO "votosmesapartido" ("nromesa","nropartido","votospartido") VALUES('M672',50,19); 
INSERT INTO "votosmesapartido" ("nromesa","nropartido","votospartido") VALUES('M672',51,5), ('M672',167,1); 
INSERT INTO "votosmesapartido" ("nromesa","nropartido","votospartido") VALUES('M672',174,3), ('M672',501,78); 
INSERT INTO "votosmesapartido" ("nromesa","nropartido","votospartido") VALUES('M672',503,6), ('M672',504,93); 
INSERT INTO "votosmesapartido" ("nromesa","nropartido","votospartido") VALUES('M672',505,11); 
INSERT INTO "votosmesapartido" ("nromesa","nropartido","votospartido") VALUES('M672',506,48);
INSERT INTO "votosmesapartido" ("nromesa","nropartido","votospartido") VALUES('M673',38,6); 
INSERT INTO "votosmesapartido" ("nromesa","nropartido","votospartido") VALUES('M673',50,19); 
INSERT INTO "votosmesapartido" ("nromesa","nropartido","votospartido") VALUES('M673',51,6), ('M673',167,1); 
INSERT INTO "votosmesapartido" ("nromesa","nropartido","votospartido") VALUES('M673',174,3), ('M673',501,85); 
INSERT INTO "votosmesapartido" ("nromesa","nropartido","votospartido") VALUES('M673',503,7), ('M673',504,84); 
INSERT INTO "votosmesapartido" ("nromesa","nropartido","votospartido") VALUES('M673',505,13); 
INSERT INTO "votosmesapartido" ("nromesa","nropartido","votospartido") VALUES('M673',506,46);
INSERT INTO "votosmesapartido" ("nromesa","nropartido","votospartido") VALUES('M674',38,5); 
INSERT INTO "votosmesapartido" ("nromesa","nropartido","votospartido") VALUES('M674',50,35); 
INSERT INTO "votosmesapartido" ("nromesa","nropartido","votospartido") VALUES('M674',51,3), ('M674',167,3); 
INSERT INTO "votosmesapartido" ("nromesa","nropartido","votospartido") VALUES('M674',174,2), ('M674',501,82); 
INSERT INTO "votosmesapartido" ("nromesa","nropartido","votospartido") VALUES('M674',503,2), ('M674',504,91); 
INSERT INTO "votosmesapartido" ("nromesa","nropartido","votospartido") VALUES('M674',505,13); 
INSERT INTO "votosmesapartido" ("nromesa","nropartido","votospartido") VALUES('M674',506,44);
INSERT INTO "votosmesapartido" ("nromesa","nropartido","votospartido") VALUES('M675',38,4); 
INSERT INTO "votosmesapartido" ("nromesa","nropartido","votospartido") VALUES('M675',50,23); 
INSERT INTO "votosmesapartido" ("nromesa","nropartido","votospartido") VALUES('M675',51,2), ('M675',167,4); 
INSERT INTO "votosmesapartido" ("nromesa","nropartido","votospartido") VALUES('M675',174,4), ('M675',501,81); 
INSERT INTO "votosmesapartido" ("nromesa","nropartido","votospartido") VALUES('M675',503,6), ('M675',504,81); 
INSERT INTO "votosmesapartido" ("nromesa","nropartido","votospartido") VALUES('M675',505,9); 
INSERT INTO "votosmesapartido" ("nromesa","nropartido","votospartido") VALUES('M675',506,39);
INSERT INTO "votosmesapartido" ("nromesa","nropartido","votospartido") VALUES('F714',38,8); 
INSERT INTO "votosmesapartido" ("nromesa","nropartido","votospartido") VALUES('F714',50,25); 
INSERT INTO "votosmesapartido" ("nromesa","nropartido","votospartido") VALUES('F714',51,4), ('F714',167,4); 
INSERT INTO "votosmesapartido" ("nromesa","nropartido","votospartido") VALUES('F714',174,5), ('F714',501,86); 
INSERT INTO "votosmesapartido" ("nromesa","nropartido","votospartido") VALUES('F714',503,6), ('F714',504,90); 
INSERT INTO "votosmesapartido" ("nromesa","nropartido","votospartido") VALUES('F714',505,13); 
INSERT INTO "votosmesapartido" ("nromesa","nropartido","votospartido") VALUES('F714',506,34);
INSERT INTO "votosmesapartido" ("nromesa","nropartido","votospartido") VALUES('F715',38,2); 
INSERT INTO "votosmesapartido" ("nromesa","nropartido","votospartido") VALUES('F715',50,22); 
INSERT INTO "votosmesapartido" ("nromesa","nropartido","votospartido") VALUES('F715',51,4), ('F715',167,3); 
INSERT INTO "votosmesapartido" ("nromesa","nropartido","votospartido") VALUES('F715',174,0), ('F715',501,100); 
INSERT INTO "votosmesapartido" ("nromesa","nropartido","votospartido") VALUES('F715',503,3), ('F715',504,115); 
INSERT INTO "votosmesapartido" ("nromesa","nropartido","votospartido") VALUES('F715',505,7); 
INSERT INTO "votosmesapartido" ("nromesa","nropartido","votospartido") VALUES('F715',506,37);
INSERT INTO "votosmesapartido" ("nromesa","nropartido","votospartido") VALUES('F716',38,8); 
INSERT INTO "votosmesapartido" ("nromesa","nropartido","votospartido") VALUES('F716',50,32); 
INSERT INTO "votosmesapartido" ("nromesa","nropartido","votospartido") VALUES('F716',51,7), ('F716',167,0); 
INSERT INTO "votosmesapartido" ("nromesa","nropartido","votospartido") VALUES('F716',174,4), ('F716',501,82); 
INSERT INTO "votosmesapartido" ("nromesa","nropartido","votospartido") VALUES('F716',503,4), ('F716',504,90); 
INSERT INTO "votosmesapartido" ("nromesa","nropartido","votospartido") VALUES('F716',505,5); 
INSERT INTO "votosmesapartido" ("nromesa","nropartido","votospartido") VALUES('F716',506,33);
INSERT INTO "votosmesapartido" ("nromesa","nropartido","votospartido") VALUES('F717',38,4); 
INSERT INTO "votosmesapartido" ("nromesa","nropartido","votospartido") VALUES('F717',50,29); 
INSERT INTO "votosmesapartido" ("nromesa","nropartido","votospartido") VALUES('F717',51,1), ('F717',167,3); 
INSERT INTO "votosmesapartido" ("nromesa","nropartido","votospartido") VALUES('F717',174,4), ('F717',501,79); 
INSERT INTO "votosmesapartido" ("nromesa","nropartido","votospartido") VALUES('F717',503,4), ('F717',504,87); 
INSERT INTO "votosmesapartido" ("nromesa","nropartido","votospartido") VALUES('F717',505,10); 
INSERT INTO "votosmesapartido" ("nromesa","nropartido","votospartido") VALUES('F717',506,50);
INSERT INTO "votosmesapartido" ("nromesa","nropartido","votospartido") VALUES('F718',38,1); 
INSERT INTO "votosmesapartido" ("nromesa","nropartido","votospartido") VALUES('F718',50,13); 
INSERT INTO "votosmesapartido" ("nromesa","nropartido","votospartido") VALUES('F718',51,3), ('F718',167,2); 
INSERT INTO "votosmesapartido" ("nromesa","nropartido","votospartido") VALUES('F718',174,2), ('F718',501,64); 
INSERT INTO "votosmesapartido" ("nromesa","nropartido","votospartido") VALUES('F718',503,1), ('F718',504,71); 
INSERT INTO "votosmesapartido" ("nromesa","nropartido","votospartido") VALUES('F718',505,4); 
INSERT INTO "votosmesapartido" ("nromesa","nropartido","votospartido") VALUES('F718',506,29);
INSERT INTO "votosmesapartido" ("nromesa","nropartido","votospartido") VALUES('M676',38,5); 
INSERT INTO "votosmesapartido" ("nromesa","nropartido","votospartido") VALUES('M676',50,27); 
INSERT INTO "votosmesapartido" ("nromesa","nropartido","votospartido") VALUES('M676',51,8), ('M676',167,2); 
INSERT INTO "votosmesapartido" ("nromesa","nropartido","votospartido") VALUES('M676',174,2), ('M676',501,86); 
INSERT INTO "votosmesapartido" ("nromesa","nropartido","votospartido") VALUES('M676',503,5), ('M676',504,78); 
INSERT INTO "votosmesapartido" ("nromesa","nropartido","votospartido") VALUES('M676',505,7); 
INSERT INTO "votosmesapartido" ("nromesa","nropartido","votospartido") VALUES('M676',506,50);
INSERT INTO "votosmesapartido" ("nromesa","nropartido","votospartido") VALUES('M677',38,7); 
INSERT INTO "votosmesapartido" ("nromesa","nropartido","votospartido") VALUES('M677',50,28); 
INSERT INTO "votosmesapartido" ("nromesa","nropartido","votospartido") VALUES('M677',51,2), ('M677',167,0); 
INSERT INTO "votosmesapartido" ("nromesa","nropartido","votospartido") VALUES('M677',174,5), ('M677',501,86); 
INSERT INTO "votosmesapartido" ("nromesa","nropartido","votospartido") VALUES('M677',503,6), ('M677',504,84); 
INSERT INTO "votosmesapartido" ("nromesa","nropartido","votospartido") VALUES('M677',505,4); 
INSERT INTO "votosmesapartido" ("nromesa","nropartido","votospartido") VALUES('M677',506,54);
INSERT INTO "votosmesapartido" ("nromesa","nropartido","votospartido") VALUES('M678',38,9); 
INSERT INTO "votosmesapartido" ("nromesa","nropartido","votospartido") VALUES('M678',50,16); 
INSERT INTO "votosmesapartido" ("nromesa","nropartido","votospartido") VALUES('M678',51,6), ('M678',167,2); 
INSERT INTO "votosmesapartido" ("nromesa","nropartido","votospartido") VALUES('M678',174,1), ('M678',501,59); 
INSERT INTO "votosmesapartido" ("nromesa","nropartido","votospartido") VALUES('M678',503,5), ('M678',504,32); 
INSERT INTO "votosmesapartido" ("nromesa","nropartido","votospartido") VALUES('M678',505,8); 
INSERT INTO "votosmesapartido" ("nromesa","nropartido","votospartido") VALUES('M678',506,26);
INSERT INTO "votosmesapartido" ("nromesa","nropartido","votospartido") VALUES('M679',38,5); 
INSERT INTO "votosmesapartido" ("nromesa","nropartido","votospartido") VALUES('M679',50,16); 
INSERT INTO "votosmesapartido" ("nromesa","nropartido","votospartido") VALUES('M679',51,3), ('M679',167,2); 
INSERT INTO "votosmesapartido" ("nromesa","nropartido","votospartido") VALUES('M679',174,4), ('M679',501,53); 
INSERT INTO "votosmesapartido" ("nromesa","nropartido","votospartido") VALUES('M679',503,1), ('M679',504,64); 
INSERT INTO "votosmesapartido" ("nromesa","nropartido","votospartido") VALUES('M679',505,9); 
INSERT INTO "votosmesapartido" ("nromesa","nropartido","votospartido") VALUES('M679',506,30);
INSERT INTO "votosmesapartido" ("nromesa","nropartido","votospartido") VALUES('F719',38,2); 
INSERT INTO "votosmesapartido" ("nromesa","nropartido","votospartido") VALUES('F719',50,26); 
INSERT INTO "votosmesapartido" ("nromesa","nropartido","votospartido") VALUES('F719',51,2), ('F719',167,4); 
INSERT INTO "votosmesapartido" ("nromesa","nropartido","votospartido") VALUES('F719',174,2), ('F719',501,93); 
INSERT INTO "votosmesapartido" ("nromesa","nropartido","votospartido") VALUES('F719',503,1), ('F719',504,101); 
INSERT INTO "votosmesapartido" ("nromesa","nropartido","votospartido") VALUES('F719',505,11); 
INSERT INTO "votosmesapartido" ("nromesa","nropartido","votospartido") VALUES('F719',506,52);
INSERT INTO "votosmesapartido" ("nromesa","nropartido","votospartido") VALUES('F720',38,3); 
INSERT INTO "votosmesapartido" ("nromesa","nropartido","votospartido") VALUES('F720',50,27); 
INSERT INTO "votosmesapartido" ("nromesa","nropartido","votospartido") VALUES('F720',51,2), ('F720',167,3); 
INSERT INTO "votosmesapartido" ("nromesa","nropartido","votospartido") VALUES('F720',174,4), ('F720',501,80); 
INSERT INTO "votosmesapartido" ("nromesa","nropartido","votospartido") VALUES('F720',503,7), ('F720',504,108); 
INSERT INTO "votosmesapartido" ("nromesa","nropartido","votospartido") VALUES('F720',505,10); 
INSERT INTO "votosmesapartido" ("nromesa","nropartido","votospartido") VALUES('F720',506,41);
INSERT INTO "votosmesapartido" ("nromesa","nropartido","votospartido") VALUES('F721',38,6); 
INSERT INTO "votosmesapartido" ("nromesa","nropartido","votospartido") VALUES('F721',50,32); 
INSERT INTO "votosmesapartido" ("nromesa","nropartido","votospartido") VALUES('F721',51,1), ('F721',167,2); 
INSERT INTO "votosmesapartido" ("nromesa","nropartido","votospartido") VALUES('F721',174,7), ('F721',501,72); 
INSERT INTO "votosmesapartido" ("nromesa","nropartido","votospartido") VALUES('F721',503,3), ('F721',504,98); 
INSERT INTO "votosmesapartido" ("nromesa","nropartido","votospartido") VALUES('F721',505,13); 
INSERT INTO "votosmesapartido" ("nromesa","nropartido","votospartido") VALUES('F721',506,56);
INSERT INTO "votosmesapartido" ("nromesa","nropartido","votospartido") VALUES('F722',38,3); 
INSERT INTO "votosmesapartido" ("nromesa","nropartido","votospartido") VALUES('F722',50,32); 
INSERT INTO "votosmesapartido" ("nromesa","nropartido","votospartido") VALUES('F722',51,3), ('F722',167,3); 
INSERT INTO "votosmesapartido" ("nromesa","nropartido","votospartido") VALUES('F722',174,4), ('F722',501,62); 
INSERT INTO "votosmesapartido" ("nromesa","nropartido","votospartido") VALUES('F722',503,3), ('F722',504,114); 
INSERT INTO "votosmesapartido" ("nromesa","nropartido","votospartido") VALUES('F722',505,9); 
INSERT INTO "votosmesapartido" ("nromesa","nropartido","votospartido") VALUES('F722',506,48);
INSERT INTO "votosmesapartido" ("nromesa","nropartido","votospartido") VALUES('F723',38,0); 
INSERT INTO "votosmesapartido" ("nromesa","nropartido","votospartido") VALUES('F723',50,23); 
INSERT INTO "votosmesapartido" ("nromesa","nropartido","votospartido") VALUES('F723',51,5), ('F723',167,1); 
INSERT INTO "votosmesapartido" ("nromesa","nropartido","votospartido") VALUES('F723',174,4), ('F723',501,80); 
INSERT INTO "votosmesapartido" ("nromesa","nropartido","votospartido") VALUES('F723',503,4), ('F723',504,114); 
INSERT INTO "votosmesapartido" ("nromesa","nropartido","votospartido") VALUES('F723',505,12); 
INSERT INTO "votosmesapartido" ("nromesa","nropartido","votospartido") VALUES('F723',506,45);
INSERT INTO "votosmesapartido" ("nromesa","nropartido","votospartido") VALUES('F724',38,5); 
INSERT INTO "votosmesapartido" ("nromesa","nropartido","votospartido") VALUES('F724',50,26); 
INSERT INTO "votosmesapartido" ("nromesa","nropartido","votospartido") VALUES('F724',51,6), ('F724',167,2); 
INSERT INTO "votosmesapartido" ("nromesa","nropartido","votospartido") VALUES('F724',174,7), ('F724',501,80); 
INSERT INTO "votosmesapartido" ("nromesa","nropartido","votospartido") VALUES('F724',503,6), ('F724',504,88); 
INSERT INTO "votosmesapartido" ("nromesa","nropartido","votospartido") VALUES('F724',505,13); 
INSERT INTO "votosmesapartido" ("nromesa","nropartido","votospartido") VALUES('F724',506,42);
INSERT INTO "votosmesapartido" ("nromesa","nropartido","votospartido") VALUES('F725',38,2); 
INSERT INTO "votosmesapartido" ("nromesa","nropartido","votospartido") VALUES('F725',50,32); 
INSERT INTO "votosmesapartido" ("nromesa","nropartido","votospartido") VALUES('F725',51,3), ('F725',167,1); 
INSERT INTO "votosmesapartido" ("nromesa","nropartido","votospartido") VALUES('F725',174,2), ('F725',501,75); 
INSERT INTO "votosmesapartido" ("nromesa","nropartido","votospartido") VALUES('F725',503,3), ('F725',504,97); 
INSERT INTO "votosmesapartido" ("nromesa","nropartido","votospartido") VALUES('F725',505,7); 
INSERT INTO "votosmesapartido" ("nromesa","nropartido","votospartido") VALUES('F725',506,47);
INSERT INTO "votosmesapartido" ("nromesa","nropartido","votospartido") VALUES('F726',38,1); 
INSERT INTO "votosmesapartido" ("nromesa","nropartido","votospartido") VALUES('F726',50,25); 
INSERT INTO "votosmesapartido" ("nromesa","nropartido","votospartido") VALUES('F726',51,2), ('F726',167,0); 
INSERT INTO "votosmesapartido" ("nromesa","nropartido","votospartido") VALUES('F726',174,5), ('F726',501,72); 
INSERT INTO "votosmesapartido" ("nromesa","nropartido","votospartido") VALUES('F726',503,1), ('F726',504,105); 
INSERT INTO "votosmesapartido" ("nromesa","nropartido","votospartido") VALUES('F726',505,6); 
INSERT INTO "votosmesapartido" ("nromesa","nropartido","votospartido") VALUES('F726',506,55);
INSERT INTO "votosmesapartido" ("nromesa","nropartido","votospartido") VALUES('M680',38,4); 
INSERT INTO "votosmesapartido" ("nromesa","nropartido","votospartido") VALUES('M680',50,30); 
INSERT INTO "votosmesapartido" ("nromesa","nropartido","votospartido") VALUES('M680',51,6), ('M680',167,6); 
INSERT INTO "votosmesapartido" ("nromesa","nropartido","votospartido") VALUES('M680',174,3), ('M680',501,73); 
INSERT INTO "votosmesapartido" ("nromesa","nropartido","votospartido") VALUES('M680',503,5), ('M680',504,90); 
INSERT INTO "votosmesapartido" ("nromesa","nropartido","votospartido") VALUES('M680',505,10); 
INSERT INTO "votosmesapartido" ("nromesa","nropartido","votospartido") VALUES('M680',506,57);
INSERT INTO "votosmesapartido" ("nromesa","nropartido","votospartido") VALUES('M681',38,5); 
INSERT INTO "votosmesapartido" ("nromesa","nropartido","votospartido") VALUES('M681',50,29); 
INSERT INTO "votosmesapartido" ("nromesa","nropartido","votospartido") VALUES('M681',51,5), ('M681',167,3); 
INSERT INTO "votosmesapartido" ("nromesa","nropartido","votospartido") VALUES('M681',174,4), ('M681',501,68); 
INSERT INTO "votosmesapartido" ("nromesa","nropartido","votospartido") VALUES('M681',503,5), ('M681',504,93); 
INSERT INTO "votosmesapartido" ("nromesa","nropartido","votospartido") VALUES('M681',505,15); 
INSERT INTO "votosmesapartido" ("nromesa","nropartido","votospartido") VALUES('M681',506,40);
INSERT INTO "votosmesapartido" ("nromesa","nropartido","votospartido") VALUES('M682',38,4); 
INSERT INTO "votosmesapartido" ("nromesa","nropartido","votospartido") VALUES('M682',50,30); 
INSERT INTO "votosmesapartido" ("nromesa","nropartido","votospartido") VALUES('M682',51,8), ('M682',167,2); 
INSERT INTO "votosmesapartido" ("nromesa","nropartido","votospartido") VALUES('M682',174,2), ('M682',501,84); 
INSERT INTO "votosmesapartido" ("nromesa","nropartido","votospartido") VALUES('M682',503,7), ('M682',504,86); 
INSERT INTO "votosmesapartido" ("nromesa","nropartido","votospartido") VALUES('M682',505,13); 
INSERT INTO "votosmesapartido" ("nromesa","nropartido","votospartido") VALUES('M682',506,40);
INSERT INTO "votosmesapartido" ("nromesa","nropartido","votospartido") VALUES('M684',38,8); 
INSERT INTO "votosmesapartido" ("nromesa","nropartido","votospartido") VALUES('M684',50,27); 
INSERT INTO "votosmesapartido" ("nromesa","nropartido","votospartido") VALUES('M684',51,6), ('M684',167,3); 
INSERT INTO "votosmesapartido" ("nromesa","nropartido","votospartido") VALUES('M684',174,3), ('M684',501,84); 
INSERT INTO "votosmesapartido" ("nromesa","nropartido","votospartido") VALUES('M684',503,5), ('M684',504,85); 
INSERT INTO "votosmesapartido" ("nromesa","nropartido","votospartido") VALUES('M684',505,19); 
INSERT INTO "votosmesapartido" ("nromesa","nropartido","votospartido") VALUES('M684',506,45);
INSERT INTO "votosmesapartido" ("nromesa","nropartido","votospartido") VALUES('M685',38,5); 
INSERT INTO "votosmesapartido" ("nromesa","nropartido","votospartido") VALUES('M685',50,28); 
INSERT INTO "votosmesapartido" ("nromesa","nropartido","votospartido") VALUES('M685',51,4), ('M685',167,5); 
INSERT INTO "votosmesapartido" ("nromesa","nropartido","votospartido") VALUES('M685',174,6), ('M685',501,70); 
INSERT INTO "votosmesapartido" ("nromesa","nropartido","votospartido") VALUES('M685',503,6), ('M685',504,95); 
INSERT INTO "votosmesapartido" ("nromesa","nropartido","votospartido") VALUES('M685',505,9); 
INSERT INTO "votosmesapartido" ("nromesa","nropartido","votospartido") VALUES('M685',506,55);
INSERT INTO "votosmesapartido" ("nromesa","nropartido","votospartido") VALUES('M686',38,4); 
INSERT INTO "votosmesapartido" ("nromesa","nropartido","votospartido") VALUES('M686',50,31); 
INSERT INTO "votosmesapartido" ("nromesa","nropartido","votospartido") VALUES('M686',51,4), ('M686',167,0); 
INSERT INTO "votosmesapartido" ("nromesa","nropartido","votospartido") VALUES('M686',174,4), ('M686',501,87); 
INSERT INTO "votosmesapartido" ("nromesa","nropartido","votospartido") VALUES('M686',503,11), ('M686',504,89); 
INSERT INTO "votosmesapartido" ("nromesa","nropartido","votospartido") VALUES('M686',505,10); 
INSERT INTO "votosmesapartido" ("nromesa","nropartido","votospartido") VALUES('M686',506,40);
INSERT INTO "votosmesapartido" ("nromesa","nropartido","votospartido") VALUES('M687',38,5); 
INSERT INTO "votosmesapartido" ("nromesa","nropartido","votospartido") VALUES('M687',50,24); 
INSERT INTO "votosmesapartido" ("nromesa","nropartido","votospartido") VALUES('M687',51,2), ('M687',167,2); 
INSERT INTO "votosmesapartido" ("nromesa","nropartido","votospartido") VALUES('M687',174,6), ('M687',501,80); 
INSERT INTO "votosmesapartido" ("nromesa","nropartido","votospartido") VALUES('M687',503,5), ('M687',504,88); 
INSERT INTO "votosmesapartido" ("nromesa","nropartido","votospartido") VALUES('M687',505,20); 
INSERT INTO "votosmesapartido" ("nromesa","nropartido","votospartido") VALUES('M687',506,54);
INSERT INTO "votosmesapartido" ("nromesa","nropartido","votospartido") VALUES('F727',38,2); 
INSERT INTO "votosmesapartido" ("nromesa","nropartido","votospartido") VALUES('F727',50,30); 
INSERT INTO "votosmesapartido" ("nromesa","nropartido","votospartido") VALUES('F727',51,5), ('F727',167,1); 
INSERT INTO "votosmesapartido" ("nromesa","nropartido","votospartido") VALUES('F727',174,2), ('F727',501,76); 
INSERT INTO "votosmesapartido" ("nromesa","nropartido","votospartido") VALUES('F727',503,4), ('F727',504,100); 
INSERT INTO "votosmesapartido" ("nromesa","nropartido","votospartido") VALUES('F727',505,19); 
INSERT INTO "votosmesapartido" ("nromesa","nropartido","votospartido") VALUES('F727',506,41);
INSERT INTO "votosmesapartido" ("nromesa","nropartido","votospartido") VALUES('F728',38,3); 
INSERT INTO "votosmesapartido" ("nromesa","nropartido","votospartido") VALUES('F728',50,35); 
INSERT INTO "votosmesapartido" ("nromesa","nropartido","votospartido") VALUES('F728',51,5), ('F728',167,2); 
INSERT INTO "votosmesapartido" ("nromesa","nropartido","votospartido") VALUES('F728',174,4), ('F728',501,75); 
INSERT INTO "votosmesapartido" ("nromesa","nropartido","votospartido") VALUES('F728',503,6), ('F728',504,96); 
INSERT INTO "votosmesapartido" ("nromesa","nropartido","votospartido") VALUES('F728',505,7); 
INSERT INTO "votosmesapartido" ("nromesa","nropartido","votospartido") VALUES('F728',506,49);
INSERT INTO "votosmesapartido" ("nromesa","nropartido","votospartido") VALUES('F729',38,3); 
INSERT INTO "votosmesapartido" ("nromesa","nropartido","votospartido") VALUES('F729',50,32); 
INSERT INTO "votosmesapartido" ("nromesa","nropartido","votospartido") VALUES('F729',51,1), ('F729',167,0); 
INSERT INTO "votosmesapartido" ("nromesa","nropartido","votospartido") VALUES('F729',174,3), ('F729',501,86); 
INSERT INTO "votosmesapartido" ("nromesa","nropartido","votospartido") VALUES('F729',503,5), ('F729',504,99); 
INSERT INTO "votosmesapartido" ("nromesa","nropartido","votospartido") VALUES('F729',505,10); 
INSERT INTO "votosmesapartido" ("nromesa","nropartido","votospartido") VALUES('F729',506,47);
INSERT INTO "votosmesapartido" ("nromesa","nropartido","votospartido") VALUES('F730',38,2); 
INSERT INTO "votosmesapartido" ("nromesa","nropartido","votospartido") VALUES('F730',50,22); 
INSERT INTO "votosmesapartido" ("nromesa","nropartido","votospartido") VALUES('F730',51,6), ('F730',167,5); 
INSERT INTO "votosmesapartido" ("nromesa","nropartido","votospartido") VALUES('F730',174,5), ('F730',501,76); 
INSERT INTO "votosmesapartido" ("nromesa","nropartido","votospartido") VALUES('F730',503,5), ('F730',504,88); 
INSERT INTO "votosmesapartido" ("nromesa","nropartido","votospartido") VALUES('F730',505,15); 
INSERT INTO "votosmesapartido" ("nromesa","nropartido","votospartido") VALUES('F730',506,55);
INSERT INTO "votosmesapartido" ("nromesa","nropartido","votospartido") VALUES('F731',38,1); 
INSERT INTO "votosmesapartido" ("nromesa","nropartido","votospartido") VALUES('F731',50,26); 
INSERT INTO "votosmesapartido" ("nromesa","nropartido","votospartido") VALUES('F731',51,5), ('F731',167,4); 
INSERT INTO "votosmesapartido" ("nromesa","nropartido","votospartido") VALUES('F731',174,4), ('F731',501,82); 
INSERT INTO "votosmesapartido" ("nromesa","nropartido","votospartido") VALUES('F731',503,5), ('F731',504,99); 
INSERT INTO "votosmesapartido" ("nromesa","nropartido","votospartido") VALUES('F731',505,12); 
INSERT INTO "votosmesapartido" ("nromesa","nropartido","votospartido") VALUES('F731',506,55);
INSERT INTO "votosmesapartido" ("nromesa","nropartido","votospartido") VALUES('M688',38,8); 
INSERT INTO "votosmesapartido" ("nromesa","nropartido","votospartido") VALUES('M688',50,37); 
INSERT INTO "votosmesapartido" ("nromesa","nropartido","votospartido") VALUES('M688',51,3), ('M688',167,1); 
INSERT INTO "votosmesapartido" ("nromesa","nropartido","votospartido") VALUES('M688',174,3), ('M688',501,70); 
INSERT INTO "votosmesapartido" ("nromesa","nropartido","votospartido") VALUES('M688',503,4), ('M688',504,102); 
INSERT INTO "votosmesapartido" ("nromesa","nropartido","votospartido") VALUES('M688',505,3); 
INSERT INTO "votosmesapartido" ("nromesa","nropartido","votospartido") VALUES('M688',506,36);
INSERT INTO "votosmesapartido" ("nromesa","nropartido","votospartido") VALUES('M689',38,5); 
INSERT INTO "votosmesapartido" ("nromesa","nropartido","votospartido") VALUES('M689',50,21); 
INSERT INTO "votosmesapartido" ("nromesa","nropartido","votospartido") VALUES('M689',51,4), ('M689',167,3); 
INSERT INTO "votosmesapartido" ("nromesa","nropartido","votospartido") VALUES('M689',174,5), ('M689',501,102); 
INSERT INTO "votosmesapartido" ("nromesa","nropartido","votospartido") VALUES('M689',503,6), ('M689',504,82); 
INSERT INTO "votosmesapartido" ("nromesa","nropartido","votospartido") VALUES('M689',505,12); 
INSERT INTO "votosmesapartido" ("nromesa","nropartido","votospartido") VALUES('M689',506,44);
INSERT INTO "votosmesapartido" ("nromesa","nropartido","votospartido") VALUES('M690',38,3); 
INSERT INTO "votosmesapartido" ("nromesa","nropartido","votospartido") VALUES('M690',50,35); 
INSERT INTO "votosmesapartido" ("nromesa","nropartido","votospartido") VALUES('M690',51,3), ('M690',167,3); 
INSERT INTO "votosmesapartido" ("nromesa","nropartido","votospartido") VALUES('M690',174,3), ('M690',501,74); 
INSERT INTO "votosmesapartido" ("nromesa","nropartido","votospartido") VALUES('M690',503,10), ('M690',504,100); 
INSERT INTO "votosmesapartido" ("nromesa","nropartido","votospartido") VALUES('M690',505,9); 
INSERT INTO "votosmesapartido" ("nromesa","nropartido","votospartido") VALUES('M690',506,40);
INSERT INTO "votosmesapartido" ("nromesa","nropartido","votospartido") VALUES('M691',38,5); 
INSERT INTO "votosmesapartido" ("nromesa","nropartido","votospartido") VALUES('M691',50,13); 
INSERT INTO "votosmesapartido" ("nromesa","nropartido","votospartido") VALUES('M691',51,1), ('M691',167,0); 
INSERT INTO "votosmesapartido" ("nromesa","nropartido","votospartido") VALUES('M691',174,1), ('M691',501,56); 
INSERT INTO "votosmesapartido" ("nromesa","nropartido","votospartido") VALUES('M691',503,2), ('M691',504,43); 
INSERT INTO "votosmesapartido" ("nromesa","nropartido","votospartido") VALUES('M691',505,5); 
INSERT INTO "votosmesapartido" ("nromesa","nropartido","votospartido") VALUES('M691',506,20);
INSERT INTO "votosmesapartido" ("nromesa","nropartido","votospartido") VALUES('F732',38,1); 
INSERT INTO "votosmesapartido" ("nromesa","nropartido","votospartido") VALUES('F732',50,23); 
INSERT INTO "votosmesapartido" ("nromesa","nropartido","votospartido") VALUES('F732',51,3), ('F732',167,3); 
INSERT INTO "votosmesapartido" ("nromesa","nropartido","votospartido") VALUES('F732',174,1), ('F732',501,90); 
INSERT INTO "votosmesapartido" ("nromesa","nropartido","votospartido") VALUES('F732',503,4), ('F732',504,80); 
INSERT INTO "votosmesapartido" ("nromesa","nropartido","votospartido") VALUES('F732',505,18); 
INSERT INTO "votosmesapartido" ("nromesa","nropartido","votospartido") VALUES('F732',506,45);
INSERT INTO "votosmesapartido" ("nromesa","nropartido","votospartido") VALUES('F733',38,5); 
INSERT INTO "votosmesapartido" ("nromesa","nropartido","votospartido") VALUES('F733',50,29); 
INSERT INTO "votosmesapartido" ("nromesa","nropartido","votospartido") VALUES('F733',51,4), ('F733',167,1); 
INSERT INTO "votosmesapartido" ("nromesa","nropartido","votospartido") VALUES('F733',174,4), ('F733',501,79); 
INSERT INTO "votosmesapartido" ("nromesa","nropartido","votospartido") VALUES('F733',503,6), ('F733',504,85); 
INSERT INTO "votosmesapartido" ("nromesa","nropartido","votospartido") VALUES('F733',505,11); 
INSERT INTO "votosmesapartido" ("nromesa","nropartido","votospartido") VALUES('F733',506,65);
INSERT INTO "votosmesapartido" ("nromesa","nropartido","votospartido") VALUES('F734',38,1); 
INSERT INTO "votosmesapartido" ("nromesa","nropartido","votospartido") VALUES('F734',50,21); 
INSERT INTO "votosmesapartido" ("nromesa","nropartido","votospartido") VALUES('F734',51,6), ('F734',167,1); 
INSERT INTO "votosmesapartido" ("nromesa","nropartido","votospartido") VALUES('F734',174,5), ('F734',501,98); 
INSERT INTO "votosmesapartido" ("nromesa","nropartido","votospartido") VALUES('F734',503,7), ('F734',504,78); 
INSERT INTO "votosmesapartido" ("nromesa","nropartido","votospartido") VALUES('F734',505,10); 
INSERT INTO "votosmesapartido" ("nromesa","nropartido","votospartido") VALUES('F734',506,52);
INSERT INTO "votosmesapartido" ("nromesa","nropartido","votospartido") VALUES('F735',38,2); 
INSERT INTO "votosmesapartido" ("nromesa","nropartido","votospartido") VALUES('F735',50,22); 
INSERT INTO "votosmesapartido" ("nromesa","nropartido","votospartido") VALUES('F735',51,8), ('F735',167,2); 
INSERT INTO "votosmesapartido" ("nromesa","nropartido","votospartido") VALUES('F735',174,3), ('F735',501,78); 
INSERT INTO "votosmesapartido" ("nromesa","nropartido","votospartido") VALUES('F735',503,3), ('F735',504,88); 
INSERT INTO "votosmesapartido" ("nromesa","nropartido","votospartido") VALUES('F735',505,15); 
INSERT INTO "votosmesapartido" ("nromesa","nropartido","votospartido") VALUES('F735',506,55);
INSERT INTO "votosmesapartido" ("nromesa","nropartido","votospartido") VALUES('M692',38,7); 
INSERT INTO "votosmesapartido" ("nromesa","nropartido","votospartido") VALUES('M692',50,27); 
INSERT INTO "votosmesapartido" ("nromesa","nropartido","votospartido") VALUES('M692',51,5), ('M692',167,3); 
INSERT INTO "votosmesapartido" ("nromesa","nropartido","votospartido") VALUES('M692',174,3), ('M692',501,95); 
INSERT INTO "votosmesapartido" ("nromesa","nropartido","votospartido") VALUES('M692',503,6), ('M692',504,67); 
INSERT INTO "votosmesapartido" ("nromesa","nropartido","votospartido") VALUES('M692',505,7); 
INSERT INTO "votosmesapartido" ("nromesa","nropartido","votospartido") VALUES('M692',506,50);
INSERT INTO "votosmesapartido" ("nromesa","nropartido","votospartido") VALUES('M693',38,6); 
INSERT INTO "votosmesapartido" ("nromesa","nropartido","votospartido") VALUES('M693',50,27); 
INSERT INTO "votosmesapartido" ("nromesa","nropartido","votospartido") VALUES('M693',51,1), ('M693',167,2); 
INSERT INTO "votosmesapartido" ("nromesa","nropartido","votospartido") VALUES('M693',174,5), ('M693',501,106); 
INSERT INTO "votosmesapartido" ("nromesa","nropartido","votospartido") VALUES('M693',503,7), ('M693',504,55); 
INSERT INTO "votosmesapartido" ("nromesa","nropartido","votospartido") VALUES('M693',505,16); 
INSERT INTO "votosmesapartido" ("nromesa","nropartido","votospartido") VALUES('M693',506,56);
INSERT INTO "votosmesapartido" ("nromesa","nropartido","votospartido") VALUES('M694',38,4); 
INSERT INTO "votosmesapartido" ("nromesa","nropartido","votospartido") VALUES('M694',50,24); 
INSERT INTO "votosmesapartido" ("nromesa","nropartido","votospartido") VALUES('M694',51,3), ('M694',167,5); 
INSERT INTO "votosmesapartido" ("nromesa","nropartido","votospartido") VALUES('M694',174,5), ('M694',501,78); 
INSERT INTO "votosmesapartido" ("nromesa","nropartido","votospartido") VALUES('M694',503,6), ('M694',504,66); 
INSERT INTO "votosmesapartido" ("nromesa","nropartido","votospartido") VALUES('M694',505,18); 
INSERT INTO "votosmesapartido" ("nromesa","nropartido","votospartido") VALUES('M694',506,51);
INSERT INTO "votosmesapartido" ("nromesa","nropartido","votospartido") VALUES('M695',38,5); 
INSERT INTO "votosmesapartido" ("nromesa","nropartido","votospartido") VALUES('M695',50,26); 
INSERT INTO "votosmesapartido" ("nromesa","nropartido","votospartido") VALUES('M695',51,2), ('M695',167,1); 
INSERT INTO "votosmesapartido" ("nromesa","nropartido","votospartido") VALUES('M695',174,5), ('M695',501,103); 
INSERT INTO "votosmesapartido" ("nromesa","nropartido","votospartido") VALUES('M695',503,9), ('M695',504,56); 
INSERT INTO "votosmesapartido" ("nromesa","nropartido","votospartido") VALUES('M695',505,11); 
INSERT INTO "votosmesapartido" ("nromesa","nropartido","votospartido") VALUES('M695',506,55);
INSERT INTO "votosmesapartido" ("nromesa","nropartido","votospartido") VALUES('F736',38,2); 
INSERT INTO "votosmesapartido" ("nromesa","nropartido","votospartido") VALUES('F736',50,26); 
INSERT INTO "votosmesapartido" ("nromesa","nropartido","votospartido") VALUES('F736',51,8), ('F736',167,0); 
INSERT INTO "votosmesapartido" ("nromesa","nropartido","votospartido") VALUES('F736',174,5), ('F736',501,88); 
INSERT INTO "votosmesapartido" ("nromesa","nropartido","votospartido") VALUES('F736',503,7), ('F736',504,78); 
INSERT INTO "votosmesapartido" ("nromesa","nropartido","votospartido") VALUES('F736',505,15); 
INSERT INTO "votosmesapartido" ("nromesa","nropartido","votospartido") VALUES('F736',506,47);
INSERT INTO "votosmesapartido" ("nromesa","nropartido","votospartido") VALUES('F737',38,3); 
INSERT INTO "votosmesapartido" ("nromesa","nropartido","votospartido") VALUES('F737',50,22); 
INSERT INTO "votosmesapartido" ("nromesa","nropartido","votospartido") VALUES('F737',51,7), ('F737',167,2); 
INSERT INTO "votosmesapartido" ("nromesa","nropartido","votospartido") VALUES('F737',174,4), ('F737',501,109); 
INSERT INTO "votosmesapartido" ("nromesa","nropartido","votospartido") VALUES('F737',503,6), ('F737',504,78); 
INSERT INTO "votosmesapartido" ("nromesa","nropartido","votospartido") VALUES('F737',505,18); 
INSERT INTO "votosmesapartido" ("nromesa","nropartido","votospartido") VALUES('F737',506,33);
INSERT INTO "votosmesapartido" ("nromesa","nropartido","votospartido") VALUES('F738',38,2); 
INSERT INTO "votosmesapartido" ("nromesa","nropartido","votospartido") VALUES('F738',50,28); 
INSERT INTO "votosmesapartido" ("nromesa","nropartido","votospartido") VALUES('F738',51,5), ('F738',167,1); 
INSERT INTO "votosmesapartido" ("nromesa","nropartido","votospartido") VALUES('F738',174,8), ('F738',501,89); 
INSERT INTO "votosmesapartido" ("nromesa","nropartido","votospartido") VALUES('F738',503,3), ('F738',504,74); 
INSERT INTO "votosmesapartido" ("nromesa","nropartido","votospartido") VALUES('F738',505,17); 
INSERT INTO "votosmesapartido" ("nromesa","nropartido","votospartido") VALUES('F738',506,59);
INSERT INTO "votosmesapartido" ("nromesa","nropartido","votospartido") VALUES('F739',38,2); 
INSERT INTO "votosmesapartido" ("nromesa","nropartido","votospartido") VALUES('F739',50,27); 
INSERT INTO "votosmesapartido" ("nromesa","nropartido","votospartido") VALUES('F739',51,7), ('F739',167,0); 
INSERT INTO "votosmesapartido" ("nromesa","nropartido","votospartido") VALUES('F739',174,5), ('F739',501,93); 
INSERT INTO "votosmesapartido" ("nromesa","nropartido","votospartido") VALUES('F739',503,5), ('F739',504,70); 
INSERT INTO "votosmesapartido" ("nromesa","nropartido","votospartido") VALUES('F739',505,9); 
INSERT INTO "votosmesapartido" ("nromesa","nropartido","votospartido") VALUES('F739',506,64);
INSERT INTO "votosmesapartido" ("nromesa","nropartido","votospartido") VALUES('F740',38,3); 
INSERT INTO "votosmesapartido" ("nromesa","nropartido","votospartido") VALUES('F740',50,31); 
INSERT INTO "votosmesapartido" ("nromesa","nropartido","votospartido") VALUES('F740',51,3), ('F740',167,3); 
INSERT INTO "votosmesapartido" ("nromesa","nropartido","votospartido") VALUES('F740',174,1), ('F740',501,90); 
INSERT INTO "votosmesapartido" ("nromesa","nropartido","votospartido") VALUES('F740',503,8), ('F740',504,65); 
INSERT INTO "votosmesapartido" ("nromesa","nropartido","votospartido") VALUES('F740',505,9); 
INSERT INTO "votosmesapartido" ("nromesa","nropartido","votospartido") VALUES('F740',506,65);
INSERT INTO "votosmesapartido" ("nromesa","nropartido","votospartido") VALUES('M696',38,2); 
INSERT INTO "votosmesapartido" ("nromesa","nropartido","votospartido") VALUES('M696',50,32); 
INSERT INTO "votosmesapartido" ("nromesa","nropartido","votospartido") VALUES('M696',51,4), ('M696',167,3); 
INSERT INTO "votosmesapartido" ("nromesa","nropartido","votospartido") VALUES('M696',174,2), ('M696',501,88); 
INSERT INTO "votosmesapartido" ("nromesa","nropartido","votospartido") VALUES('M696',503,5), ('M696',504,62); 
INSERT INTO "votosmesapartido" ("nromesa","nropartido","votospartido") VALUES('M696',505,12); 
INSERT INTO "votosmesapartido" ("nromesa","nropartido","votospartido") VALUES('M696',506,46);
INSERT INTO "votosmesapartido" ("nromesa","nropartido","votospartido") VALUES('M697',38,8); 
INSERT INTO "votosmesapartido" ("nromesa","nropartido","votospartido") VALUES('M697',50,29); 
INSERT INTO "votosmesapartido" ("nromesa","nropartido","votospartido") VALUES('M697',51,3), ('M697',167,9); 
INSERT INTO "votosmesapartido" ("nromesa","nropartido","votospartido") VALUES('M697',174,3), ('M697',501,99); 
INSERT INTO "votosmesapartido" ("nromesa","nropartido","votospartido") VALUES('M697',503,6), ('M697',504,65); 
INSERT INTO "votosmesapartido" ("nromesa","nropartido","votospartido") VALUES('M697',505,9); 
INSERT INTO "votosmesapartido" ("nromesa","nropartido","votospartido") VALUES('M697',506,62);
INSERT INTO "votosmesapartido" ("nromesa","nropartido","votospartido") VALUES('M698',38,12); 
INSERT INTO "votosmesapartido" ("nromesa","nropartido","votospartido") VALUES('M698',50,24); 
INSERT INTO "votosmesapartido" ("nromesa","nropartido","votospartido") VALUES('M698',51,10), ('M698',167,2); 
INSERT INTO "votosmesapartido" ("nromesa","nropartido","votospartido") VALUES('M698',174,6), ('M698',501,83); 
INSERT INTO "votosmesapartido" ("nromesa","nropartido","votospartido") VALUES('M698',503,5), ('M698',504,66); 
INSERT INTO "votosmesapartido" ("nromesa","nropartido","votospartido") VALUES('M698',505,16); 
INSERT INTO "votosmesapartido" ("nromesa","nropartido","votospartido") VALUES('M698',506,52);
INSERT INTO "votosmesapartido" ("nromesa","nropartido","votospartido") VALUES('M699',38,7); 
INSERT INTO "votosmesapartido" ("nromesa","nropartido","votospartido") VALUES('M699',50,26); 
INSERT INTO "votosmesapartido" ("nromesa","nropartido","votospartido") VALUES('M699',51,4), ('M699',167,1); 
INSERT INTO "votosmesapartido" ("nromesa","nropartido","votospartido") VALUES('M699',174,0), ('M699',501,88); 
INSERT INTO "votosmesapartido" ("nromesa","nropartido","votospartido") VALUES('M699',503,13), ('M699',504,72); 
INSERT INTO "votosmesapartido" ("nromesa","nropartido","votospartido") VALUES('M699',505,11); 
INSERT INTO "votosmesapartido" ("nromesa","nropartido","votospartido") VALUES('M699',506,44);
INSERT INTO "votosmesapartido" ("nromesa","nropartido","votospartido") VALUES('F741',38,4); 
INSERT INTO "votosmesapartido" ("nromesa","nropartido","votospartido") VALUES('F741',50,16); 
INSERT INTO "votosmesapartido" ("nromesa","nropartido","votospartido") VALUES('F741',51,11), ('F741',167,2); 
INSERT INTO "votosmesapartido" ("nromesa","nropartido","votospartido") VALUES('F741',174,5), ('F741',501,94); 
INSERT INTO "votosmesapartido" ("nromesa","nropartido","votospartido") VALUES('F741',503,2), ('F741',504,73); 
INSERT INTO "votosmesapartido" ("nromesa","nropartido","votospartido") VALUES('F741',505,9); 
INSERT INTO "votosmesapartido" ("nromesa","nropartido","votospartido") VALUES('F741',506,55);
INSERT INTO "votosmesapartido" ("nromesa","nropartido","votospartido") VALUES('F742',38,8); 
INSERT INTO "votosmesapartido" ("nromesa","nropartido","votospartido") VALUES('F742',50,29); 
INSERT INTO "votosmesapartido" ("nromesa","nropartido","votospartido") VALUES('F742',51,6), ('F742',167,0); 
INSERT INTO "votosmesapartido" ("nromesa","nropartido","votospartido") VALUES('F742',174,4), ('F742',501,109); 
INSERT INTO "votosmesapartido" ("nromesa","nropartido","votospartido") VALUES('F742',503,2), ('F742',504,79); 
INSERT INTO "votosmesapartido" ("nromesa","nropartido","votospartido") VALUES('F742',505,6); 
INSERT INTO "votosmesapartido" ("nromesa","nropartido","votospartido") VALUES('F742',506,50);
INSERT INTO "votosmesapartido" ("nromesa","nropartido","votospartido") VALUES('F743',38,3); 
INSERT INTO "votosmesapartido" ("nromesa","nropartido","votospartido") VALUES('F743',50,19); 
INSERT INTO "votosmesapartido" ("nromesa","nropartido","votospartido") VALUES('F743',51,5), ('F743',167,1); 
INSERT INTO "votosmesapartido" ("nromesa","nropartido","votospartido") VALUES('F743',174,6), ('F743',501,84); 
INSERT INTO "votosmesapartido" ("nromesa","nropartido","votospartido") VALUES('F743',503,10), ('F743',504,46); 
INSERT INTO "votosmesapartido" ("nromesa","nropartido","votospartido") VALUES('F743',505,12); 
INSERT INTO "votosmesapartido" ("nromesa","nropartido","votospartido") VALUES('F743',506,41);
INSERT INTO "votosmesapartido" ("nromesa","nropartido","votospartido") VALUES('M700',38,5); 
INSERT INTO "votosmesapartido" ("nromesa","nropartido","votospartido") VALUES('M700',50,20); 
INSERT INTO "votosmesapartido" ("nromesa","nropartido","votospartido") VALUES('M700',51,3), ('M700',167,2); 
INSERT INTO "votosmesapartido" ("nromesa","nropartido","votospartido") VALUES('M700',174,6), ('M700',501,117); 
INSERT INTO "votosmesapartido" ("nromesa","nropartido","votospartido") VALUES('M700',503,14), ('M700',504,64); 
INSERT INTO "votosmesapartido" ("nromesa","nropartido","votospartido") VALUES('M700',505,15); 
INSERT INTO "votosmesapartido" ("nromesa","nropartido","votospartido") VALUES('M700',506,37);
INSERT INTO "votosmesapartido" ("nromesa","nropartido","votospartido") VALUES('M701',38,4); 
INSERT INTO "votosmesapartido" ("nromesa","nropartido","votospartido") VALUES('M701',50,24); 
INSERT INTO "votosmesapartido" ("nromesa","nropartido","votospartido") VALUES('M701',51,1), ('M701',167,1); 
INSERT INTO "votosmesapartido" ("nromesa","nropartido","votospartido") VALUES('M701',174,4), ('M701',501,104); 
INSERT INTO "votosmesapartido" ("nromesa","nropartido","votospartido") VALUES('M701',503,8), ('M701',504,61); 
INSERT INTO "votosmesapartido" ("nromesa","nropartido","votospartido") VALUES('M701',505,9); 
INSERT INTO "votosmesapartido" ("nromesa","nropartido","votospartido") VALUES('M701',506,48);
INSERT INTO "votosmesapartido" ("nromesa","nropartido","votospartido") VALUES('M702',38,1); 
INSERT INTO "votosmesapartido" ("nromesa","nropartido","votospartido") VALUES('M702',50,15); 
INSERT INTO "votosmesapartido" ("nromesa","nropartido","votospartido") VALUES('M702',51,5), ('M702',167,2); 
INSERT INTO "votosmesapartido" ("nromesa","nropartido","votospartido") VALUES('M702',174,1), ('M702',501,52); 
INSERT INTO "votosmesapartido" ("nromesa","nropartido","votospartido") VALUES('M702',503,3), ('M702',504,10); 
INSERT INTO "votosmesapartido" ("nromesa","nropartido","votospartido") VALUES('M702',505,8); 
INSERT INTO "votosmesapartido" ("nromesa","nropartido","votospartido") VALUES('M702',506,26);
INSERT INTO "votosmesapartido" ("nromesa","nropartido","votospartido") VALUES('M703',38,0); 
INSERT INTO "votosmesapartido" ("nromesa","nropartido","votospartido") VALUES('M703',50,22); 
INSERT INTO "votosmesapartido" ("nromesa","nropartido","votospartido") VALUES('M703',51,3), ('M703',167,2); 
INSERT INTO "votosmesapartido" ("nromesa","nropartido","votospartido") VALUES('M703',174,1), ('M703',501,64); 
INSERT INTO "votosmesapartido" ("nromesa","nropartido","votospartido") VALUES('M703',503,3), ('M703',504,29); 
INSERT INTO "votosmesapartido" ("nromesa","nropartido","votospartido") VALUES('M703',505,18); 
INSERT INTO "votosmesapartido" ("nromesa","nropartido","votospartido") VALUES('M703',506,19);
INSERT INTO "votosmesapartido" ("nromesa","nropartido","votospartido") VALUES('F744',38,0); 
INSERT INTO "votosmesapartido" ("nromesa","nropartido","votospartido") VALUES('F744',50,11); 
INSERT INTO "votosmesapartido" ("nromesa","nropartido","votospartido") VALUES('F744',51,6), ('F744',167,4); 
INSERT INTO "votosmesapartido" ("nromesa","nropartido","votospartido") VALUES('F744',174,6), ('F744',501,59); 
INSERT INTO "votosmesapartido" ("nromesa","nropartido","votospartido") VALUES('F744',503,1), ('F744',504,33); 
INSERT INTO "votosmesapartido" ("nromesa","nropartido","votospartido") VALUES('F744',505,7); 
INSERT INTO "votosmesapartido" ("nromesa","nropartido","votospartido") VALUES('F744',506,13);
INSERT INTO "votosmesapartido" ("nromesa","nropartido","votospartido") VALUES('F745',38,4); 
INSERT INTO "votosmesapartido" ("nromesa","nropartido","votospartido") VALUES('F745',50,17); 
INSERT INTO "votosmesapartido" ("nromesa","nropartido","votospartido") VALUES('F745',51,2), ('F745',167,1); 
INSERT INTO "votosmesapartido" ("nromesa","nropartido","votospartido") VALUES('F745',174,3), ('F745',501,59); 
INSERT INTO "votosmesapartido" ("nromesa","nropartido","votospartido") VALUES('F745',503,1), ('F745',504,44); 
INSERT INTO "votosmesapartido" ("nromesa","nropartido","votospartido") VALUES('F745',505,5); 
INSERT INTO "votosmesapartido" ("nromesa","nropartido","votospartido") VALUES('F745',506,17);
INSERT INTO "votosmesapartido" ("nromesa","nropartido","votospartido") VALUES('M704',38,4); 
INSERT INTO "votosmesapartido" ("nromesa","nropartido","votospartido") VALUES('M704',50,9); 
INSERT INTO "votosmesapartido" ("nromesa","nropartido","votospartido") VALUES('M704',51,9), ('M704',167,2); 
INSERT INTO "votosmesapartido" ("nromesa","nropartido","votospartido") VALUES('M704',174,8), ('M704',501,73); 
INSERT INTO "votosmesapartido" ("nromesa","nropartido","votospartido") VALUES('M704',503,3), ('M704',504,51); 
INSERT INTO "votosmesapartido" ("nromesa","nropartido","votospartido") VALUES('M704',505,11); 
INSERT INTO "votosmesapartido" ("nromesa","nropartido","votospartido") VALUES('M704',506,33);
--INSERT INTO "votosmesapartido" ("nromesa","nropartido","votospartido") VALUES('F705',38,7); 
--INSERT INTO "votosmesapartido" ("nromesa","nropartido","votospartido") VALUES('F705',50,20); 
--INSERT INTO "votosmesapartido" ("nromesa","nropartido","votospartido") VALUES('F705',167,4); 
--INSERT INTO "votosmesapartido" ("nromesa","nropartido","votospartido") VALUES('F705',501,82); 
--INSERT INTO "votosmesapartido" ("nromesa","nropartido","votospartido") VALUES('F705',503,3), ('F705',504,51); 
--INSERT INTO "votosmesapartido" ("nromesa","nropartido","votospartido") VALUES('F705',505,6); 
--INSERT INTO "votosmesapartido" ("nromesa","nropartido","votospartido") VALUES('F705',506,29);
INSERT INTO "votosmesapartido" ("nromesa","nropartido","votospartido") VALUES('M706',38,1); 
INSERT INTO "votosmesapartido" ("nromesa","nropartido","votospartido") VALUES('M706',50,7); 
INSERT INTO "votosmesapartido" ("nromesa","nropartido","votospartido") VALUES('M706',51,4), ('M706',167,2); 
INSERT INTO "votosmesapartido" ("nromesa","nropartido","votospartido") VALUES('M706',174,3), ('M706',501,28); 
INSERT INTO "votosmesapartido" ("nromesa","nropartido","votospartido") VALUES('M706',503,2), ('M706',504,28); 
INSERT INTO "votosmesapartido" ("nromesa","nropartido","votospartido") VALUES('M706',505,6); 
INSERT INTO "votosmesapartido" ("nromesa","nropartido","votospartido") VALUES('M706',506,16);
INSERT INTO "votosmesapartido" ("nromesa","nropartido","votospartido") VALUES('F746',38,3); 
INSERT INTO "votosmesapartido" ("nromesa","nropartido","votospartido") VALUES('F746',50,6); 
INSERT INTO "votosmesapartido" ("nromesa","nropartido","votospartido") VALUES('F746',51,2), ('F746',167,0); 
INSERT INTO "votosmesapartido" ("nromesa","nropartido","votospartido") VALUES('F746',174,6), ('F746',501,25); 
INSERT INTO "votosmesapartido" ("nromesa","nropartido","votospartido") VALUES('F746',503,1), ('F746',504,23); 
INSERT INTO "votosmesapartido" ("nromesa","nropartido","votospartido") VALUES('F746',505,4); 
INSERT INTO "votosmesapartido" ("nromesa","nropartido","votospartido") VALUES('F746',506,12);
INSERT INTO "votosmesapartido" ("nromesa","nropartido","votospartido") VALUES('F747',38,7); 
INSERT INTO "votosmesapartido" ("nromesa","nropartido","votospartido") VALUES('F747',50,26); 
INSERT INTO "votosmesapartido" ("nromesa","nropartido","votospartido") VALUES('F747',51,6), ('F747',167,3); 
INSERT INTO "votosmesapartido" ("nromesa","nropartido","votospartido") VALUES('F747',174,10), ('F747',501,163); 
INSERT INTO "votosmesapartido" ("nromesa","nropartido","votospartido") VALUES('F747',503,6), ('F747',504,52); 
INSERT INTO "votosmesapartido" ("nromesa","nropartido","votospartido") VALUES('F747',505,12); 
INSERT INTO "votosmesapartido" ("nromesa","nropartido","votospartido") VALUES('F747',506,52);
INSERT INTO "votosmesapartido" ("nromesa","nropartido","votospartido") VALUES('F748',38,6); 
INSERT INTO "votosmesapartido" ("nromesa","nropartido","votospartido") VALUES('F748',50,26); 
INSERT INTO "votosmesapartido" ("nromesa","nropartido","votospartido") VALUES('F748',51,5), ('F748',167,2); 
INSERT INTO "votosmesapartido" ("nromesa","nropartido","votospartido") VALUES('F748',174,3), ('F748',501,129); 
INSERT INTO "votosmesapartido" ("nromesa","nropartido","votospartido") VALUES('F748',503,8), ('F748',504,54); 
INSERT INTO "votosmesapartido" ("nromesa","nropartido","votospartido") VALUES('F748',505,17); 
INSERT INTO "votosmesapartido" ("nromesa","nropartido","votospartido") VALUES('F748',506,44);
INSERT INTO "votosmesapartido" ("nromesa","nropartido","votospartido") VALUES('F749',38,4); 
INSERT INTO "votosmesapartido" ("nromesa","nropartido","votospartido") VALUES('F749',50,26); 
INSERT INTO "votosmesapartido" ("nromesa","nropartido","votospartido") VALUES('F749',51,7), ('F749',167,4); 
INSERT INTO "votosmesapartido" ("nromesa","nropartido","votospartido") VALUES('F749',174,5), ('F749',501,106); 
INSERT INTO "votosmesapartido" ("nromesa","nropartido","votospartido") VALUES('F749',503,9), ('F749',504,61); 
INSERT INTO "votosmesapartido" ("nromesa","nropartido","votospartido") VALUES('F749',505,13); 
INSERT INTO "votosmesapartido" ("nromesa","nropartido","votospartido") VALUES('F749',506,52);
INSERT INTO "votosmesapartido" ("nromesa","nropartido","votospartido") VALUES('F750',38,8); 
INSERT INTO "votosmesapartido" ("nromesa","nropartido","votospartido") VALUES('F750',50,26); 
INSERT INTO "votosmesapartido" ("nromesa","nropartido","votospartido") VALUES('F750',51,4), ('F750',167,1); 
INSERT INTO "votosmesapartido" ("nromesa","nropartido","votospartido") VALUES('F750',174,8), ('F750',501,103); 
INSERT INTO "votosmesapartido" ("nromesa","nropartido","votospartido") VALUES('F750',503,7), ('F750',504,76); 
INSERT INTO "votosmesapartido" ("nromesa","nropartido","votospartido") VALUES('F750',505,10); 
INSERT INTO "votosmesapartido" ("nromesa","nropartido","votospartido") VALUES('F750',506,47);
INSERT INTO "votosmesapartido" ("nromesa","nropartido","votospartido") VALUES('F751',38,3); 
INSERT INTO "votosmesapartido" ("nromesa","nropartido","votospartido") VALUES('F751',50,21); 
INSERT INTO "votosmesapartido" ("nromesa","nropartido","votospartido") VALUES('F751',51,16), ('F751',167,3); 
INSERT INTO "votosmesapartido" ("nromesa","nropartido","votospartido") VALUES('F751',174,4), ('F751',501,136); 
INSERT INTO "votosmesapartido" ("nromesa","nropartido","votospartido") VALUES('F751',503,3), ('F751',504,56); 
INSERT INTO "votosmesapartido" ("nromesa","nropartido","votospartido") VALUES('F751',505,9); 
INSERT INTO "votosmesapartido" ("nromesa","nropartido","votospartido") VALUES('F751',506,45);
INSERT INTO "votosmesapartido" ("nromesa","nropartido","votospartido") VALUES('F752',38,3); 
INSERT INTO "votosmesapartido" ("nromesa","nropartido","votospartido") VALUES('F752',50,39); 
INSERT INTO "votosmesapartido" ("nromesa","nropartido","votospartido") VALUES('F752',51,5), ('F752',167,2); 
INSERT INTO "votosmesapartido" ("nromesa","nropartido","votospartido") VALUES('F752',174,10), ('F752',501,106); 
INSERT INTO "votosmesapartido" ("nromesa","nropartido","votospartido") VALUES('F752',503,3), ('F752',504,56); 
INSERT INTO "votosmesapartido" ("nromesa","nropartido","votospartido") VALUES('F752',505,19); 
INSERT INTO "votosmesapartido" ("nromesa","nropartido","votospartido") VALUES('F752',506,47);
INSERT INTO "votosmesapartido" ("nromesa","nropartido","votospartido") VALUES('M707',38,8); 
INSERT INTO "votosmesapartido" ("nromesa","nropartido","votospartido") VALUES('M707',50,20); 
INSERT INTO "votosmesapartido" ("nromesa","nropartido","votospartido") VALUES('M707',51,10), ('M707',167,2); 
INSERT INTO "votosmesapartido" ("nromesa","nropartido","votospartido") VALUES('M707',174,4), ('M707',501,116); 
INSERT INTO "votosmesapartido" ("nromesa","nropartido","votospartido") VALUES('M707',503,5), ('M707',504,46); 
INSERT INTO "votosmesapartido" ("nromesa","nropartido","votospartido") VALUES('M707',505,8); 
INSERT INTO "votosmesapartido" ("nromesa","nropartido","votospartido") VALUES('M707',506,56);
INSERT INTO "votosmesapartido" ("nromesa","nropartido","votospartido") VALUES('M708',38,8); 
INSERT INTO "votosmesapartido" ("nromesa","nropartido","votospartido") VALUES('M708',50,17); 
INSERT INTO "votosmesapartido" ("nromesa","nropartido","votospartido") VALUES('M708',51,6), ('M708',167,6); 
INSERT INTO "votosmesapartido" ("nromesa","nropartido","votospartido") VALUES('M708',174,8), ('M708',501,85); 
INSERT INTO "votosmesapartido" ("nromesa","nropartido","votospartido") VALUES('M708',503,6), ('M708',504,59); 
INSERT INTO "votosmesapartido" ("nromesa","nropartido","votospartido") VALUES('M708',505,13); 
INSERT INTO "votosmesapartido" ("nromesa","nropartido","votospartido") VALUES('M708',506,49);
INSERT INTO "votosmesapartido" ("nromesa","nropartido","votospartido") VALUES('M709',38,6); 
INSERT INTO "votosmesapartido" ("nromesa","nropartido","votospartido") VALUES('M709',50,36); 
INSERT INTO "votosmesapartido" ("nromesa","nropartido","votospartido") VALUES('M709',51,9), ('M709',167,3); 
INSERT INTO "votosmesapartido" ("nromesa","nropartido","votospartido") VALUES('M709',174,5), ('M709',501,126); 
INSERT INTO "votosmesapartido" ("nromesa","nropartido","votospartido") VALUES('M709',503,3), ('M709',504,53); 
INSERT INTO "votosmesapartido" ("nromesa","nropartido","votospartido") VALUES('M709',505,12); 
INSERT INTO "votosmesapartido" ("nromesa","nropartido","votospartido") VALUES('M709',506,30);
INSERT INTO "votosmesapartido" ("nromesa","nropartido","votospartido") VALUES('M710',38,6); 
INSERT INTO "votosmesapartido" ("nromesa","nropartido","votospartido") VALUES('M710',50,33); 
INSERT INTO "votosmesapartido" ("nromesa","nropartido","votospartido") VALUES('M710',51,6), ('M710',167,1); 
INSERT INTO "votosmesapartido" ("nromesa","nropartido","votospartido") VALUES('M710',174,5), ('M710',501,108); 
INSERT INTO "votosmesapartido" ("nromesa","nropartido","votospartido") VALUES('M710',503,10), ('M710',504,64); 
INSERT INTO "votosmesapartido" ("nromesa","nropartido","votospartido") VALUES('M710',505,19); 
INSERT INTO "votosmesapartido" ("nromesa","nropartido","votospartido") VALUES('M710',506,38);
INSERT INTO "votosmesapartido" ("nromesa","nropartido","votospartido") VALUES('M711',38,4); 
INSERT INTO "votosmesapartido" ("nromesa","nropartido","votospartido") VALUES('M711',50,25); 
INSERT INTO "votosmesapartido" ("nromesa","nropartido","votospartido") VALUES('M711',51,6), ('M711',167,5); 
INSERT INTO "votosmesapartido" ("nromesa","nropartido","votospartido") VALUES('M711',174,7), ('M711',501,108); 
INSERT INTO "votosmesapartido" ("nromesa","nropartido","votospartido") VALUES('M711',503,10), ('M711',504,55); 
INSERT INTO "votosmesapartido" ("nromesa","nropartido","votospartido") VALUES('M711',505,15); 
INSERT INTO "votosmesapartido" ("nromesa","nropartido","votospartido") VALUES('M711',506,28);
INSERT INTO "votosmesapartido" ("nromesa","nropartido","votospartido") VALUES('M712',38,5); 
INSERT INTO "votosmesapartido" ("nromesa","nropartido","votospartido") VALUES('M712',50,22); 
INSERT INTO "votosmesapartido" ("nromesa","nropartido","votospartido") VALUES('M712',51,6), ('M712',167,1); 
INSERT INTO "votosmesapartido" ("nromesa","nropartido","votospartido") VALUES('M712',174,5), ('M712',501,118); 
INSERT INTO "votosmesapartido" ("nromesa","nropartido","votospartido") VALUES('M712',503,5), ('M712',504,57); 
INSERT INTO "votosmesapartido" ("nromesa","nropartido","votospartido") VALUES('M712',505,18); 
INSERT INTO "votosmesapartido" ("nromesa","nropartido","votospartido") VALUES('M712',506,46);
INSERT INTO "votosmesapartido" ("nromesa","nropartido","votospartido") VALUES('F753',38,4); 
INSERT INTO "votosmesapartido" ("nromesa","nropartido","votospartido") VALUES('F753',50,20); 
INSERT INTO "votosmesapartido" ("nromesa","nropartido","votospartido") VALUES('F753',51,11), ('F753',167,2); 
INSERT INTO "votosmesapartido" ("nromesa","nropartido","votospartido") VALUES('F753',174,8), ('F753',501,121); 
INSERT INTO "votosmesapartido" ("nromesa","nropartido","votospartido") VALUES('F753',503,6), ('F753',504,62); 
INSERT INTO "votosmesapartido" ("nromesa","nropartido","votospartido") VALUES('F753',505,8); 
INSERT INTO "votosmesapartido" ("nromesa","nropartido","votospartido") VALUES('F753',506,51);
INSERT INTO "votosmesapartido" ("nromesa","nropartido","votospartido") VALUES('F754',38,4); 
INSERT INTO "votosmesapartido" ("nromesa","nropartido","votospartido") VALUES('F754',50,20); 
INSERT INTO "votosmesapartido" ("nromesa","nropartido","votospartido") VALUES('F754',51,9), ('F754',167,5); 
INSERT INTO "votosmesapartido" ("nromesa","nropartido","votospartido") VALUES('F754',174,7), ('F754',501,116); 
INSERT INTO "votosmesapartido" ("nromesa","nropartido","votospartido") VALUES('F754',503,6), ('F754',504,62); 
INSERT INTO "votosmesapartido" ("nromesa","nropartido","votospartido") VALUES('F754',505,16); 
INSERT INTO "votosmesapartido" ("nromesa","nropartido","votospartido") VALUES('F754',506,46);
INSERT INTO "votosmesapartido" ("nromesa","nropartido","votospartido") VALUES('F755',38,8); 
INSERT INTO "votosmesapartido" ("nromesa","nropartido","votospartido") VALUES('F755',50,27); 
INSERT INTO "votosmesapartido" ("nromesa","nropartido","votospartido") VALUES('F755',51,3), ('F755',167,1); 
INSERT INTO "votosmesapartido" ("nromesa","nropartido","votospartido") VALUES('F755',174,1), ('F755',501,115); 
INSERT INTO "votosmesapartido" ("nromesa","nropartido","votospartido") VALUES('F755',503,8), ('F755',504,49); 
INSERT INTO "votosmesapartido" ("nromesa","nropartido","votospartido") VALUES('F755',505,20); 
INSERT INTO "votosmesapartido" ("nromesa","nropartido","votospartido") VALUES('F755',506,50);
INSERT INTO "votosmesapartido" ("nromesa","nropartido","votospartido") VALUES('F756',38,5); 
INSERT INTO "votosmesapartido" ("nromesa","nropartido","votospartido") VALUES('F756',50,23); 
INSERT INTO "votosmesapartido" ("nromesa","nropartido","votospartido") VALUES('F756',51,6), ('F756',167,5); 
INSERT INTO "votosmesapartido" ("nromesa","nropartido","votospartido") VALUES('F756',174,2), ('F756',501,103); 
INSERT INTO "votosmesapartido" ("nromesa","nropartido","votospartido") VALUES('F756',503,3), ('F756',504,63); 
INSERT INTO "votosmesapartido" ("nromesa","nropartido","votospartido") VALUES('F756',505,14); 
INSERT INTO "votosmesapartido" ("nromesa","nropartido","votospartido") VALUES('F756',506,42);
INSERT INTO "votosmesapartido" ("nromesa","nropartido","votospartido") VALUES('M713',38,4); 
INSERT INTO "votosmesapartido" ("nromesa","nropartido","votospartido") VALUES('M713',50,21); 
INSERT INTO "votosmesapartido" ("nromesa","nropartido","votospartido") VALUES('M713',51,12), ('M713',167,2); 
INSERT INTO "votosmesapartido" ("nromesa","nropartido","votospartido") VALUES('M713',174,3), ('M713',501,125); 
INSERT INTO "votosmesapartido" ("nromesa","nropartido","votospartido") VALUES('M713',503,5), ('M713',504,54); 
INSERT INTO "votosmesapartido" ("nromesa","nropartido","votospartido") VALUES('M713',505,6); 
INSERT INTO "votosmesapartido" ("nromesa","nropartido","votospartido") VALUES('M713',506,57);
INSERT INTO "votosmesapartido" ("nromesa","nropartido","votospartido") VALUES('M714',38,7); 
INSERT INTO "votosmesapartido" ("nromesa","nropartido","votospartido") VALUES('M714',50,25); 
INSERT INTO "votosmesapartido" ("nromesa","nropartido","votospartido") VALUES('M714',51,4), ('M714',167,6); 
INSERT INTO "votosmesapartido" ("nromesa","nropartido","votospartido") VALUES('M714',174,7), ('M714',501,98); 
INSERT INTO "votosmesapartido" ("nromesa","nropartido","votospartido") VALUES('M714',503,9), ('M714',504,52); 
INSERT INTO "votosmesapartido" ("nromesa","nropartido","votospartido") VALUES('M714',505,16); 
INSERT INTO "votosmesapartido" ("nromesa","nropartido","votospartido") VALUES('M714',506,44);
INSERT INTO "votosmesapartido" ("nromesa","nropartido","votospartido") VALUES('M715',38,6); 
INSERT INTO "votosmesapartido" ("nromesa","nropartido","votospartido") VALUES('M715',50,30); 
INSERT INTO "votosmesapartido" ("nromesa","nropartido","votospartido") VALUES('M715',51,8), ('M715',167,2); 
INSERT INTO "votosmesapartido" ("nromesa","nropartido","votospartido") VALUES('M715',174,5), ('M715',501,98); 
INSERT INTO "votosmesapartido" ("nromesa","nropartido","votospartido") VALUES('M715',503,4), ('M715',504,56); 
INSERT INTO "votosmesapartido" ("nromesa","nropartido","votospartido") VALUES('M715',505,17); 
INSERT INTO "votosmesapartido" ("nromesa","nropartido","votospartido") VALUES('M715',506,44);
INSERT INTO "votosmesapartido" ("nromesa","nropartido","votospartido") VALUES('M716',38,6); 
INSERT INTO "votosmesapartido" ("nromesa","nropartido","votospartido") VALUES('M716',50,31); 
INSERT INTO "votosmesapartido" ("nromesa","nropartido","votospartido") VALUES('M716',51,11), ('M716',167,1); 
INSERT INTO "votosmesapartido" ("nromesa","nropartido","votospartido") VALUES('M716',174,3), ('M716',501,121); 
INSERT INTO "votosmesapartido" ("nromesa","nropartido","votospartido") VALUES('M716',503,4), ('M716',504,41); 
INSERT INTO "votosmesapartido" ("nromesa","nropartido","votospartido") VALUES('M716',505,16); 
INSERT INTO "votosmesapartido" ("nromesa","nropartido","votospartido") VALUES('M716',506,32);
INSERT INTO "votosmesapartido" ("nromesa","nropartido","votospartido") VALUES('M717',38,5); 
INSERT INTO "votosmesapartido" ("nromesa","nropartido","votospartido") VALUES('M717',50,27); 
INSERT INTO "votosmesapartido" ("nromesa","nropartido","votospartido") VALUES('M717',51,11), ('M717',167,4); 
INSERT INTO "votosmesapartido" ("nromesa","nropartido","votospartido") VALUES('M717',174,4), ('M717',501,110); 
INSERT INTO "votosmesapartido" ("nromesa","nropartido","votospartido") VALUES('M717',503,6), ('M717',504,54); 
INSERT INTO "votosmesapartido" ("nromesa","nropartido","votospartido") VALUES('M717',505,16); 
INSERT INTO "votosmesapartido" ("nromesa","nropartido","votospartido") VALUES('M717',506,52);
INSERT INTO "votosmesapartido" ("nromesa","nropartido","votospartido") VALUES('M718',38,3); 
INSERT INTO "votosmesapartido" ("nromesa","nropartido","votospartido") VALUES('M718',50,36); 
INSERT INTO "votosmesapartido" ("nromesa","nropartido","votospartido") VALUES('M718',51,4), ('M718',167,3); 
INSERT INTO "votosmesapartido" ("nromesa","nropartido","votospartido") VALUES('M718',174,8), ('M718',501,106); 
INSERT INTO "votosmesapartido" ("nromesa","nropartido","votospartido") VALUES('M718',503,3), ('M718',504,47); 
INSERT INTO "votosmesapartido" ("nromesa","nropartido","votospartido") VALUES('M718',505,19); 
INSERT INTO "votosmesapartido" ("nromesa","nropartido","votospartido") VALUES('M718',506,43);
INSERT INTO "votosmesapartido" ("nromesa","nropartido","votospartido") VALUES('F757',38,1); 
INSERT INTO "votosmesapartido" ("nromesa","nropartido","votospartido") VALUES('F757',50,26); 
INSERT INTO "votosmesapartido" ("nromesa","nropartido","votospartido") VALUES('F757',51,10), ('F757',167,2); 
INSERT INTO "votosmesapartido" ("nromesa","nropartido","votospartido") VALUES('F757',174,5), ('F757',501,127); 
INSERT INTO "votosmesapartido" ("nromesa","nropartido","votospartido") VALUES('F757',503,5), ('F757',504,55); 
INSERT INTO "votosmesapartido" ("nromesa","nropartido","votospartido") VALUES('F757',505,15); 
INSERT INTO "votosmesapartido" ("nromesa","nropartido","votospartido") VALUES('F757',506,34);
INSERT INTO "votosmesapartido" ("nromesa","nropartido","votospartido") VALUES('F758',38,4); 
INSERT INTO "votosmesapartido" ("nromesa","nropartido","votospartido") VALUES('F758',50,22); 
INSERT INTO "votosmesapartido" ("nromesa","nropartido","votospartido") VALUES('F758',51,7),('F758',167,3); 
INSERT INTO "votosmesapartido" ("nromesa","nropartido","votospartido") VALUES('F758',174,3), ('F758',501,124); 
INSERT INTO "votosmesapartido" ("nromesa","nropartido","votospartido") VALUES('F758',503,3), ('F758',504,68); 
INSERT INTO "votosmesapartido" ("nromesa","nropartido","votospartido") VALUES('F758',505,8); 
INSERT INTO "votosmesapartido" ("nromesa","nropartido","votospartido") VALUES('F758',506,51);
INSERT INTO "votosmesapartido" ("nromesa","nropartido","votospartido") VALUES('F759',38,1); 
INSERT INTO "votosmesapartido" ("nromesa","nropartido","votospartido") VALUES('F759',50,27); 
INSERT INTO "votosmesapartido" ("nromesa","nropartido","votospartido") VALUES('F759',51,9),('F759',167,7); 
INSERT INTO "votosmesapartido" ("nromesa","nropartido","votospartido") VALUES('F759',174,7), ('F759',501,126); 
INSERT INTO "votosmesapartido" ("nromesa","nropartido","votospartido") VALUES('F759',503,7), ('F759',504,48); 
INSERT INTO "votosmesapartido" ("nromesa","nropartido","votospartido") VALUES('F759',505,17); 
INSERT INTO "votosmesapartido" ("nromesa","nropartido","votospartido") VALUES('F759',506,32);
INSERT INTO "votosmesapartido" ("nromesa","nropartido","votospartido") VALUES('F760',38,5); 
INSERT INTO "votosmesapartido" ("nromesa","nropartido","votospartido") VALUES('F760',50,31); 
INSERT INTO "votosmesapartido" ("nromesa","nropartido","votospartido") VALUES('F760',51,4),('F760',167,5); 
INSERT INTO "votosmesapartido" ("nromesa","nropartido","votospartido") VALUES('F760',174,6), ('F760',501,126); 
INSERT INTO "votosmesapartido" ("nromesa","nropartido","votospartido") VALUES('F760',503,4), ('F760',504,56); 
INSERT INTO "votosmesapartido" ("nromesa","nropartido","votospartido") VALUES('F760',505,10); 
INSERT INTO "votosmesapartido" ("nromesa","nropartido","votospartido") VALUES('F760',506,45);
INSERT INTO "votosmesapartido" ("nromesa","nropartido","votospartido") VALUES('F761',38,2); 
INSERT INTO "votosmesapartido" ("nromesa","nropartido","votospartido") VALUES('F761',50,20); 
INSERT INTO "votosmesapartido" ("nromesa","nropartido","votospartido") VALUES('F761',51,9),('F761',167,1); 
INSERT INTO "votosmesapartido" ("nromesa","nropartido","votospartido") VALUES('F761',174,4), ('F761',501,141); 
INSERT INTO "votosmesapartido" ("nromesa","nropartido","votospartido") VALUES('F761',503,4), ('F761',504,64); 
INSERT INTO "votosmesapartido" ("nromesa","nropartido","votospartido") VALUES('F761',505,13); 
INSERT INTO "votosmesapartido" ("nromesa","nropartido","votospartido") VALUES('F761',506,54);
INSERT INTO "votosmesapartido" ("nromesa","nropartido","votospartido") VALUES('F762',38,5); 
INSERT INTO "votosmesapartido" ("nromesa","nropartido","votospartido") VALUES('F762',50,25); 
INSERT INTO "votosmesapartido" ("nromesa","nropartido","votospartido") VALUES('F762',51,12),('F762',167,3); 
INSERT INTO "votosmesapartido" ("nromesa","nropartido","votospartido") VALUES('F762',174,9), ('F762',501,109); 
INSERT INTO "votosmesapartido" ("nromesa","nropartido","votospartido") VALUES('F762',503,6), ('F762',504,64); 
INSERT INTO "votosmesapartido" ("nromesa","nropartido","votospartido") VALUES('F762',505,13); 
INSERT INTO "votosmesapartido" ("nromesa","nropartido","votospartido") VALUES('F762',506,37);
INSERT INTO "votosmesapartido" ("nromesa","nropartido","votospartido") VALUES('F763',38,2); 
INSERT INTO "votosmesapartido" ("nromesa","nropartido","votospartido") VALUES('F763',50,30); 
INSERT INTO "votosmesapartido" ("nromesa","nropartido","votospartido") VALUES('F763',51,2),('F763',167,0); 
INSERT INTO "votosmesapartido" ("nromesa","nropartido","votospartido") VALUES('F763',174,8), ('F763',501,119); 
INSERT INTO "votosmesapartido" ("nromesa","nropartido","votospartido") VALUES('F763',503,6), ('F763',504,63); 
INSERT INTO "votosmesapartido" ("nromesa","nropartido","votospartido") VALUES('F763',505,14); 
INSERT INTO "votosmesapartido" ("nromesa","nropartido","votospartido") VALUES('F763',506,43);
INSERT INTO "votosmesapartido" ("nromesa","nropartido","votospartido") VALUES('F764',38,5); 
INSERT INTO "votosmesapartido" ("nromesa","nropartido","votospartido") VALUES('F764',50,26); 
INSERT INTO "votosmesapartido" ("nromesa","nropartido","votospartido") VALUES('F764',51,6),('F764',167,2); 
INSERT INTO "votosmesapartido" ("nromesa","nropartido","votospartido") VALUES('F764',174,7), ('F764',501,129); 
INSERT INTO "votosmesapartido" ("nromesa","nropartido","votospartido") VALUES('F764',503,7), ('F764',504,67); 
INSERT INTO "votosmesapartido" ("nromesa","nropartido","votospartido") VALUES('F764',505,14); 
INSERT INTO "votosmesapartido" ("nromesa","nropartido","votospartido") VALUES('F764',506,38);
INSERT INTO "votosmesapartido" ("nromesa","nropartido","votospartido") VALUES('M719',38,5); 
INSERT INTO "votosmesapartido" ("nromesa","nropartido","votospartido") VALUES('M719',50,14); 
INSERT INTO "votosmesapartido" ("nromesa","nropartido","votospartido") VALUES('M719',51,7),('M719',167,4); 
INSERT INTO "votosmesapartido" ("nromesa","nropartido","votospartido") VALUES('M719',174,7), ('M719',501,118); 
INSERT INTO "votosmesapartido" ("nromesa","nropartido","votospartido") VALUES('M719',503,6), ('M719',504,53); 
INSERT INTO "votosmesapartido" ("nromesa","nropartido","votospartido") VALUES('M719',505,16); 
INSERT INTO "votosmesapartido" ("nromesa","nropartido","votospartido") VALUES('M719',506,46);
INSERT INTO "votosmesapartido" ("nromesa","nropartido","votospartido") VALUES('M720',38,2); 
INSERT INTO "votosmesapartido" ("nromesa","nropartido","votospartido") VALUES('M720',50,34); 
INSERT INTO "votosmesapartido" ("nromesa","nropartido","votospartido") VALUES('M720',51,3),('M720',167,4); 
INSERT INTO "votosmesapartido" ("nromesa","nropartido","votospartido") VALUES('M720',174,3), ('M720',501,123); 
INSERT INTO "votosmesapartido" ("nromesa","nropartido","votospartido") VALUES('M720',503,2), ('M720',504,47); 
INSERT INTO "votosmesapartido" ("nromesa","nropartido","votospartido") VALUES('M720',505,17); 
INSERT INTO "votosmesapartido" ("nromesa","nropartido","votospartido") VALUES('M720',506,49);
INSERT INTO "votosmesapartido" ("nromesa","nropartido","votospartido") VALUES('M721',38,3); 
INSERT INTO "votosmesapartido" ("nromesa","nropartido","votospartido") VALUES('M721',50,16); 
INSERT INTO "votosmesapartido" ("nromesa","nropartido","votospartido") VALUES('M721',51,5),('M721',167,2); 
INSERT INTO "votosmesapartido" ("nromesa","nropartido","votospartido") VALUES('M721',174,9), ('M721',501,121); 
INSERT INTO "votosmesapartido" ("nromesa","nropartido","votospartido") VALUES('M721',503,7), ('M721',504,61); 
INSERT INTO "votosmesapartido" ("nromesa","nropartido","votospartido") VALUES('M721',505,15); 
INSERT INTO "votosmesapartido" ("nromesa","nropartido","votospartido") VALUES('M721',506,49);
INSERT INTO "votosmesapartido" ("nromesa","nropartido","votospartido") VALUES('M722',38,6); 
INSERT INTO "votosmesapartido" ("nromesa","nropartido","votospartido") VALUES('M722',50,22); 
INSERT INTO "votosmesapartido" ("nromesa","nropartido","votospartido") VALUES('M722',51,6),('M722',167,2); 
INSERT INTO "votosmesapartido" ("nromesa","nropartido","votospartido") VALUES('M722',174,2), ('M722',501,117); 
INSERT INTO "votosmesapartido" ("nromesa","nropartido","votospartido") VALUES('M722',503,6), ('M722',504,51); 
INSERT INTO "votosmesapartido" ("nromesa","nropartido","votospartido") VALUES('M722',505,12); 
INSERT INTO "votosmesapartido" ("nromesa","nropartido","votospartido") VALUES('M722',506,41);
INSERT INTO "votosmesapartido" ("nromesa","nropartido","votospartido") VALUES('M723',38,12); 
INSERT INTO "votosmesapartido" ("nromesa","nropartido","votospartido") VALUES('M723',50,20); 
INSERT INTO "votosmesapartido" ("nromesa","nropartido","votospartido") VALUES('M723',51,5), ('M723',167,3); 
INSERT INTO "votosmesapartido" ("nromesa","nropartido","votospartido") VALUES('M723',174,5), ('M723',501,17); 
INSERT INTO "votosmesapartido" ("nromesa","nropartido","votospartido") VALUES('M723',503,8), ('M723',504,49); 
INSERT INTO "votosmesapartido" ("nromesa","nropartido","votospartido") VALUES('M723',505,5); 
INSERT INTO "votosmesapartido" ("nromesa","nropartido","votospartido") VALUES('M723',506,16);
INSERT INTO "votosmesapartido" ("nromesa","nropartido","votospartido") VALUES('M724',38,8); 
INSERT INTO "votosmesapartido" ("nromesa","nropartido","votospartido") VALUES('M724',50,20); 
INSERT INTO "votosmesapartido" ("nromesa","nropartido","votospartido") VALUES('M724',51,13), ('M724',167,3); 
INSERT INTO "votosmesapartido" ("nromesa","nropartido","votospartido") VALUES('M724',174,9), ('M724',501,121); 
INSERT INTO "votosmesapartido" ("nromesa","nropartido","votospartido") VALUES('M724',503,4), ('M724',504,547); 
INSERT INTO "votosmesapartido" ("nromesa","nropartido","votospartido") VALUES('M724',505,12); 
INSERT INTO "votosmesapartido" ("nromesa","nropartido","votospartido") VALUES('M724',506,39);
INSERT INTO "votosmesapartido" ("nromesa","nropartido","votospartido") VALUES('M725',38,4); 
INSERT INTO "votosmesapartido" ("nromesa","nropartido","votospartido") VALUES('M725',50,4); 
INSERT INTO "votosmesapartido" ("nromesa","nropartido","votospartido") VALUES('M725',51,4), ('M725',167,2); 
INSERT INTO "votosmesapartido" ("nromesa","nropartido","votospartido") VALUES('M725',174,6), ('M725',501,119); 
INSERT INTO "votosmesapartido" ("nromesa","nropartido","votospartido") VALUES('M725',503,6), ('M725',504,53); 
INSERT INTO "votosmesapartido" ("nromesa","nropartido","votospartido") VALUES('M725',505,10); 
INSERT INTO "votosmesapartido" ("nromesa","nropartido","votospartido") VALUES('M725',506,38);
INSERT INTO "votosmesapartido" ("nromesa","nropartido","votospartido") VALUES('F765',38,2); 
INSERT INTO "votosmesapartido" ("nromesa","nropartido","votospartido") VALUES('F765',50,14); 
INSERT INTO "votosmesapartido" ("nromesa","nropartido","votospartido") VALUES('F765',51,2), ('F765',167,1); 
INSERT INTO "votosmesapartido" ("nromesa","nropartido","votospartido") VALUES('F765',174,5),('F765',501,127); 
INSERT INTO "votosmesapartido" ("nromesa","nropartido","votospartido") VALUES('F765',503,5), ('F765',504,67); 
INSERT INTO "votosmesapartido" ("nromesa","nropartido","votospartido") VALUES('F765',505,10); 
INSERT INTO "votosmesapartido" ("nromesa","nropartido","votospartido") VALUES('F765',506,51);
INSERT INTO "votosmesapartido" ("nromesa","nropartido","votospartido") VALUES('F766',38,2); 
INSERT INTO "votosmesapartido" ("nromesa","nropartido","votospartido") VALUES('F766',50,30); 
INSERT INTO "votosmesapartido" ("nromesa","nropartido","votospartido") VALUES('F766',51,5), ('F766',167,2); 
INSERT INTO "votosmesapartido" ("nromesa","nropartido","votospartido") VALUES('F766',174,5), ('F766',501,118); 
INSERT INTO "votosmesapartido" ("nromesa","nropartido","votospartido") VALUES('F766',503,3), ('F766',504,65); 
INSERT INTO "votosmesapartido" ("nromesa","nropartido","votospartido") VALUES('F766',505,16); 
INSERT INTO "votosmesapartido" ("nromesa","nropartido","votospartido") VALUES('F766',506,43);
INSERT INTO "votosmesapartido" ("nromesa","nropartido","votospartido") VALUES('F767',38,2); 
INSERT INTO "votosmesapartido" ("nromesa","nropartido","votospartido") VALUES('F767',50,17); 
INSERT INTO "votosmesapartido" ("nromesa","nropartido","votospartido") VALUES('F767',51,9), ('F767',167,4); 
INSERT INTO "votosmesapartido" ("nromesa","nropartido","votospartido") VALUES('F767',174,8), ('F767',501,124); 
INSERT INTO "votosmesapartido" ("nromesa","nropartido","votospartido") VALUES('F767',503,5), ('F767',504,58); 
INSERT INTO "votosmesapartido" ("nromesa","nropartido","votospartido") VALUES('F767',505,17); 
INSERT INTO "votosmesapartido" ("nromesa","nropartido","votospartido") VALUES('F767',506,47);
INSERT INTO "votosmesapartido" ("nromesa","nropartido","votospartido") VALUES('F768',38,10); 
INSERT INTO "votosmesapartido" ("nromesa","nropartido","votospartido") VALUES('F768',50,28); 
INSERT INTO "votosmesapartido" ("nromesa","nropartido","votospartido") VALUES('F768',51,5), ('F768',167,2); 
INSERT INTO "votosmesapartido" ("nromesa","nropartido","votospartido") VALUES('F768',174,3), ('F768',501,103); 
INSERT INTO "votosmesapartido" ("nromesa","nropartido","votospartido") VALUES('F768',503,7), ('F768',504,68); 
INSERT INTO "votosmesapartido" ("nromesa","nropartido","votospartido") VALUES('F768',505,10); 
INSERT INTO "votosmesapartido" ("nromesa","nropartido","votospartido") VALUES('F768',506,42);
INSERT INTO "votosmesapartido" ("nromesa","nropartido","votospartido") VALUES('F769',38,2); 
INSERT INTO "votosmesapartido" ("nromesa","nropartido","votospartido") VALUES('F769',50,23); 
INSERT INTO "votosmesapartido" ("nromesa","nropartido","votospartido") VALUES('F769',51,2), ('F769',167,3); 
INSERT INTO "votosmesapartido" ("nromesa","nropartido","votospartido") VALUES('F769',174,3), ('F769',501,105); 
INSERT INTO "votosmesapartido" ("nromesa","nropartido","votospartido") VALUES('F769',503,2), ('F769',504,35); 
INSERT INTO "votosmesapartido" ("nromesa","nropartido","votospartido") VALUES('F769',505,7); 
INSERT INTO "votosmesapartido" ("nromesa","nropartido","votospartido") VALUES('F769',506,12);
INSERT INTO "votosmesapartido" ("nromesa","nropartido","votospartido") VALUES('M726',38,7); 
INSERT INTO "votosmesapartido" ("nromesa","nropartido","votospartido") VALUES('M726',50,27); 
INSERT INTO "votosmesapartido" ("nromesa","nropartido","votospartido") VALUES('M726',51,16), ('M726',167,1); 
INSERT INTO "votosmesapartido" ("nromesa","nropartido","votospartido") VALUES('M726',174,10), ('M726',501,110); 
INSERT INTO "votosmesapartido" ("nromesa","nropartido","votospartido") VALUES('M726',503,7), ('M726',504,48); 
INSERT INTO "votosmesapartido" ("nromesa","nropartido","votospartido") VALUES('M726',505,9); 
INSERT INTO "votosmesapartido" ("nromesa","nropartido","votospartido") VALUES('M726',506,49);
INSERT INTO "votosmesapartido" ("nromesa","nropartido","votospartido") VALUES('M727',38,7); 
INSERT INTO "votosmesapartido" ("nromesa","nropartido","votospartido") VALUES('M727',50,31); 
INSERT INTO "votosmesapartido" ("nromesa","nropartido","votospartido") VALUES('M727',51,9), ('M727',167,2); 
INSERT INTO "votosmesapartido" ("nromesa","nropartido","votospartido") VALUES('M727',174,3), ('M727',501,108); 
INSERT INTO "votosmesapartido" ("nromesa","nropartido","votospartido") VALUES('M727',503,2), ('M727',504,59); 
INSERT INTO "votosmesapartido" ("nromesa","nropartido","votospartido") VALUES('M727',505,13), ('M727',506,56);
INSERT INTO "votosmesapartido" ("nromesa","nropartido","votospartido") VALUES('M728',38,8), ('M728',50,15); 
INSERT INTO "votosmesapartido" ("nromesa","nropartido","votospartido") VALUES('M728',51,3), ('M728',167,0); 
INSERT INTO "votosmesapartido" ("nromesa","nropartido","votospartido") VALUES('M728',174,5), ('M728',501,63); 
INSERT INTO "votosmesapartido" ("nromesa","nropartido","votospartido") VALUES('M728',503,7), ('M728',504,30); 
INSERT INTO "votosmesapartido" ("nromesa","nropartido","votospartido") VALUES('M728',505,12); 
INSERT INTO "votosmesapartido" ("nromesa","nropartido","votospartido") VALUES('M728',506,27), ('M729',38,7); 
INSERT INTO "votosmesapartido" ("nromesa","nropartido","votospartido") VALUES('M729',50,12); 
INSERT INTO "votosmesapartido" ("nromesa","nropartido","votospartido") VALUES('M729',51,5), ('M729',167,3); 
INSERT INTO "votosmesapartido" ("nromesa","nropartido","votospartido") VALUES('M729',174,7), ('M729',501,76); 
INSERT INTO "votosmesapartido" ("nromesa","nropartido","votospartido") VALUES('M729',503,1), ('M729',504,38); 
INSERT INTO "votosmesapartido" ("nromesa","nropartido","votospartido") VALUES('M729',505,8); 
INSERT INTO "votosmesapartido" ("nromesa","nropartido","votospartido") VALUES('M729',506,27);



GRANT ALL ON  "circuito"  TO PUBLIC ;
GRANT ALL ON  "escuela"  TO PUBLIC ;
GRANT ALL ON  "mesa"  TO PUBLIC ;
GRANT ALL ON  "partido"  TO PUBLIC ;
GRANT ALL ON  "votosxmesa"  TO PUBLIC ;
GRANT ALL ON  "votosmesapartido"  TO PUBLIC ;


commit;
end;